house,mp_key,allocated_amount,state,constituency,elected_nominated
Lok Sabha,LS_AASHTIKAR_PATIL_NAGESH_BAPURAO,190289442.0,Maharashtra,HINGOLI,
Lok Sabha,LS_ABDUL_RASHID_SHEIKH,154773472.11,Jammu And Kashmir,BARAMULLAH,
Lok Sabha,LS_ABHAY_KUMAR_SINHA,147000000.0,Bihar,AURANGABAD_BR,
Lok Sabha,LS_ABHIJIT_GANGOPADHYAY,147000000.0,West Bengal,TAMLUK,
Lok Sabha,LS_ABU_TAHER_KHAN,147000000.0,West Bengal,MURSHIDABAD,
Lok Sabha,LS_ADHIKARI_SOUMENDU,147000000.0,West Bengal,KANTHI,
Lok Sabha,LS_ADITYA_YADAV,147000000.0,Uttar Pradesh,BADAUN,
Lok Sabha,LS_ADOOR_PRAKASH,147000000.0,Kerala,ATTINGAL,
Lok Sabha,LS_DEAN_KURIAKOSE,147000000.0,Kerala,IDUKKI,
Lok Sabha,LS_GOWAAL_KAGADA_PADAVI,147816309.11,Maharashtra,NANDURBAR(ST),
Lok Sabha,LS_K_FRANCIS_GEORGE,188722256.11,Kerala,KOTTAYAM,
Lok Sabha,LS_AFZAL_ANSARI,220500000.0,Uttar Pradesh,GHAZIPUR,
Lok Sabha,LS_AGA_SYED_RUHULLAH_MEHDI,147000000.0,Jammu And Kashmir,SRINAGAR,
Lok Sabha,LS_AJAY_BHATT,147000000.0,Uttarakhand,NAINITAL UDHAM SINGH NAG.,
Lok Sabha,LS_AJAY_KUMAR_MANDAL,147000000.0,Bihar,BHAGALPUR,
Lok Sabha,LS_AJAY_TAMTA,147000000.0,Uttarakhand,ALMORA(SC),
Lok Sabha,LS_AJENDRA_SINGH_LODHI,147000000.0,Uttar Pradesh,HAMIRPUR_UP,
Lok Sabha,LS_AKHILESH_YADAV,147000000.0,Uttar Pradesh,KANNAUJ,
Lok Sabha,LS_AKSHAYA_YADAV,147000000.0,Uttar Pradesh,FIROZABAD,
Lok Sabha,LS_ALFRED_KANNGAM_S_ARTHUR,147000000.0,Manipur,OUTER MANIPUR(ST),
Lok Sabha,LS_ALOK_KUMAR_SUMAN,147000000.0,Bihar,GOPALGANJ (SC),
Lok Sabha,LS_ALOK_SHARMA,147000000.0,Madhya Pradesh,BHOPAL,
Lok Sabha,LS_AMAR_SHARADRAO_KALE,147000000.0,Maharashtra,WARDHA,
Lok Sabha,LS_AMARSING_TISSO,147000000.0,Assam,Diphu (ST),
Lok Sabha,LS_AMBICA_G_LAKSHMINARAYANA_VALMIKI,201899064.11,Andhra Pradesh,ANANTAPUR,
Lok Sabha,LS_AMOL_RAMSING_KOLHE,147000000.0,Maharashtra,SHIRUR,
Lok Sabha,LS_AMRARAM,165691544.11,Rajasthan,SIKAR,
Lok Sabha,LS_AMRINDER_SINGH_RAJA_WARRING,147000000.0,Punjab,LUDHIANA,
Lok Sabha,LS_ANAND_BHADAURIYA,147000000.0,Uttar Pradesh,DHAURAHRA,
Lok Sabha,LS_ANAND_KUMAR,147000000.0,Uttar Pradesh,BAHRAICH(SC),
Lok Sabha,LS_ANANTA_NAYAK,147000000.0,Odisha,KEONJHAR(ST),
Lok Sabha,LS_ANDIMUTHU_RAJA,147000000.0,Tamil Nadu,NILGIRIS(SC),
Lok Sabha,LS_ANDREW_J_SYNGKON,98000000.0,Meghalaya,SHILLONG,
Lok Sabha,LS_ANGOMCHA_BIMOL_AKOIJAM,147000000.0,Manipur,INNER MANIPUR,
Lok Sabha,LS_ANIL_BALUNI,147000000.0,Uttarakhand,GARHWAL,
Lok Sabha,LS_ANIL_YESHWANT_DESAI,147000000.0,Maharashtra,MUMBAI SOUTH CENTRAL,
Lok Sabha,LS_ANITA_NAGARSINGH_CHOUHAN,147000000.0,Madhya Pradesh,RATLAM(ST),
Lok Sabha,LS_ANITA_SUBHADARSHINI,147000000.0,Odisha,ASKA,
Lok Sabha,LS_ANNPURNA_DEVI,166665931.8,Jharkhand,KODARMA,
Lok Sabha,LS_ANOOP_PRADHAN_BALMIKI,147000000.0,Uttar Pradesh,HATHRAS (SC),
Lok Sabha,LS_ANTO_ANTONY,147000000.0,Kerala,PATHANAMTHITTA,
Lok Sabha,LS_ANUP_SANJAY_DHOTRE,147000000.0,Maharashtra,AKOLA,
Lok Sabha,LS_ANURAG_SHARMA,147000000.0,Uttar Pradesh,JHANSI,
Lok Sabha,LS_ANURAG_SINGH_THAKUR,149570117.11,Himachal Pradesh,HAMIRPUR_HP,
Lok Sabha,LS_APPALANAIDU_KALISETTI,147000000.0,Andhra Pradesh,VIZIANAGARAM,
Lok Sabha,LS_ARUN_BHARTI,194924621.11,Bihar,JAMUI(SC),
Lok Sabha,LS_ARUN_GOVIL,147000000.0,Uttar Pradesh,MEERUT,
Lok Sabha,LS_ARUN_NEHRU,147000000.0,Tamil Nadu,PERAMBALUR,
Lok Sabha,LS_ARUNA_D_K,147000000.0,Telangana,MAHABUBNAGAR,
Lok Sabha,LS_ARUP_CHAKRABORTY,147000000.0,West Bengal,BANKURA,
Lok Sabha,LS_ARVIND_DHARMAPURI,281396355.11,Telangana,NIZAMABAD,
Lok Sabha,LS_ARVIND_GANPAT_SAWANT,147000000.0,Maharashtra,MUMBAI SOUTH,
Lok Sabha,LS_ASADUDDIN_OWAISI,147000000.0,Telangana,HYDERABAD,
Lok Sabha,LS_ASHISH_DUBEY,147000000.0,Madhya Pradesh,JABALPUR,
Lok Sabha,LS_ASHOK_KUMAR_RAWAT,147000000.0,Uttar Pradesh,MISRIKH(SC),
Lok Sabha,LS_ASHOK_KUMAR_YADAV,147000000.0,Bihar,MADHUBANI,
Lok Sabha,LS_ASIT_KUMAR_MAL,275694456.74,West Bengal,BOLPUR(SC),
Lok Sabha,LS_ATUL_GARG,155336470.0,Uttar Pradesh,GHAZIABAD,
Lok Sabha,LS_AVIMANYU_SETHI,147000000.0,Odisha,BHADRAK(SC),
Lok Sabha,LS_AWADHESH_PRASAD,147000000.0,Uttar Pradesh,FAIZABAD,
Lok Sabha,LS_AZAD_KIRTI_JHA,179658399.98,West Bengal,BARDHAMAN-DURGAPUR,
Lok Sabha,LS_B_K_PARTHASARATHI,160491894.11,Andhra Pradesh,HINDUPUR,
Lok Sabha,LS_BABU_SINGH_KUSHWAHA,147000000.0,Uttar Pradesh,JAUNPUR,
Lok Sabha,LS_BACHHAV_SHOBHA_DINESH,147000000.0,Maharashtra,DHULE,
Lok Sabha,LS_BAG_MITALI,147000000.0,West Bengal,ARAMBAG(SC),
Lok Sabha,LS_BAIJAYANT_PANDA,147000000.0,Odisha,KENDRAPARA,
Lok Sabha,LS_BAJRANG_MANOHAR_SONWANE,165899107.19,Maharashtra,BEED,
Lok Sabha,LS_BALABHADRA_MAJHI,147413962.11,Odisha,NABARANGPUR(ST),
Lok Sabha,LS_BALASHOWRY_VALLABBHANENI,147000000.0,Andhra Pradesh,MACHILIPATNAM,
Lok Sabha,LS_BALRAM_NAIK_PORIKA,147000000.0,Telangana,MAHABUBABAD,
Lok Sabha,LS_BALWANT_BASWANT_WANKHADE,198293678.0,Maharashtra,AMRAVATI(SC),
Lok Sabha,LS_BALYA_MAMA_SURESH_GOPINATH_MHATRE,147000000.0,Maharashtra,BHIWANDI,
Lok Sabha,LS_BANSURI_SWARAJ,154306950.0,Delhi,NEW DELHI,
Lok Sabha,LS_BAPI_HALDAR,147000000.0,West Bengal,MATHURAPUR(SC),
Lok Sabha,LS_BASAVARAJ_BOMMAI,147000000.0,Karnataka,HAVERI,
Lok Sabha,LS_BASTIPATI_NAGARAJU_PANCHALINGALA,159998515.11,Andhra Pradesh,KURNOOL,
Lok Sabha,LS_BHAGIRATH_CHAUDHARY,147000000.0,Rajasthan,AJMER,
Lok Sabha,LS_BHAJAN_LAL_JATAV,147000000.0,Rajasthan,KARAULI-DHOLPUR(SC),
Lok Sabha,LS_BHARAT_SINGH_KUSHWAH,151455276.04,Madhya Pradesh,GWALIOR,
Lok Sabha,LS_BHARATBHAI_MANUBHAI_SUTARIYA,147000000.0,Gujarat,AMRELI,
Lok Sabha,LS_BHARATSINHJI_SHANKARJI_DABHI,147000000.0,Gujarat,PATAN,
Lok Sabha,LS_BHARTI_PARDHI,154398389.01,Madhya Pradesh,BALAGHAT,
Lok Sabha,LS_BHASKAR_MURLIDHAR_BHAGARE,147000000.0,Maharashtra,DINDORI(ST),
Lok Sabha,LS_BHAUSAHEB_RAJARAM_WAKCHAURE,147000000.0,Maharashtra,SHIRDI(SC),
Lok Sabha,LS_BHOJRAJ_NAG,164672734.11,Chhattisgarh,KANKER(ST),
Lok Sabha,LS_BHOLA_SINGH,147000000.0,Uttar Pradesh,BULANDSHAHR(SC),
Lok Sabha,LS_BHUMARE_SANDIPANRAO_ASARAM,147000000.0,Maharashtra,AURANGABAD_MH,
Lok Sabha,LS_BHUPATHIRAJU_SRINIVASA_VARMA,147000000.0,Andhra Pradesh,NARASAPURAM,
Lok Sabha,LS_BHUPENDER_YADAV,147000000.0,Rajasthan,ALWAR,
Lok Sabha,LS_BIBHU_PRASAD_TARAI,147000000.0,Odisha,JAGATSINGHPUR(SC),
Lok Sabha,LS_BIDYUT_BARAN_MAHATO,147000000.0,Jharkhand,JAMSHEDPUR,
Lok Sabha,LS_BIJULI_KALITA_MEDHI,147000000.0,Assam,GUWAHATI,
Lok Sabha,LS_BIPLAB_KUMAR_DEB,147000000.0,Tripura,TRIPURA WEST,
Lok Sabha,LS_BISHNU_PADA_RAY,147000000.0,Andaman And Nicobar Islands,ANDAMAN AND NICOBAR ISLANDS,
Lok Sabha,LS_BRIJENDRA_SINGH_OLA,147000000.0,Rajasthan,JHUNJHUNU,
Lok Sabha,LS_BRIJMOHAN_AGRAWAL,153766451.11,Chhattisgarh,RAIPUR,
Lok Sabha,LS_BUNTY_VIVEK_SAHU,147000000.0,Madhya Pradesh,CHHINDWARA,
Lok Sabha,LS_C_R_PATIL,158532494.36,Gujarat,NAVSARI,
Lok Sabha,LS_C_M_RAMESH,202531656.11,Andhra Pradesh,ANAKAPALLE,
Lok Sabha,LS_CAPTAIN_BRIJESH_CHOWTA,147000000.0,Karnataka,DAKSHINA KANNADA,
Lok Sabha,LS_CAPTAIN_VIRIATO_FERNANDES,147000000.0,Goa,SOUTH GOA,
Lok Sabha,LS_CHAMALA_KIRAN_KUMAR_REDDY,147000000.0,Telangana,BHONGIR,
Lok Sabha,LS_CHANDAN_CHAUHAN,147000000.0,Uttar Pradesh,BIJNOR,
Lok Sabha,LS_CHANDRA_PRAKASH_JOSHI,147000000.0,Rajasthan,CHITTORGARH,
Lok Sabha,LS_CHANDRA_SHEKHAR,147000000.0,Uttar Pradesh,NAGINA(SC),
Lok Sabha,LS_CHANDUBHAI_CHHAGANBHAI_SHIHORA,147000000.0,Gujarat,SURENDRANAGAR,
Lok Sabha,LS_CHARANJIT_SINGH_CHANNI,147000000.0,Punjab,JALANDHAR(SC),
Lok Sabha,LS_CHAVAN_VASANTRAO_BALWANTRAO,,Maharashtra,NANDED,
Lok Sabha,LS_CHHATRA_PAL_SINGH_GANGWAR,147000000.0,Uttar Pradesh,BAREILLY,
Lok Sabha,LS_CHHATRAPATI_SHAHU_SHAHAJI,147000000.0,Maharashtra,KOLHAPUR,
Lok Sabha,LS_CHHOTELAL,147000000.0,Uttar Pradesh,ROBERTSGANJ(SC),
Lok Sabha,LS_CHINTAMANI_MAHARAJ,147000000.0,Chhattisgarh,SARGUJA(ST),
Lok Sabha,LS_CHIRAG_PASWAN,147000000.0,Bihar,HAJIPUR(SC),
Lok Sabha,LS_CN_ANNADURAI,148579509.11,Tamil Nadu,TIRUVANNAMALAI,
Lok Sabha,LS_D_M_KATHIR_ANAND,160196941.11,Tamil Nadu,VELLORE,
Lok Sabha,LS_D_RAVIKUMAR,197598306.11,Tamil Nadu,VILUPPURAM(SC),
Lok Sabha,LS_DAGGUBATI_PURANDESHWARI,147000000.0,Andhra Pradesh,RAJAHMUNDRY,
Lok Sabha,LS_DAGGUMALLA_PRASADA_RAO,147000000.0,Andhra Pradesh,CHITTOOR,
Lok Sabha,LS_DAMODAR_AGARWAL,147000000.0,Rajasthan,BHILWARA,
Lok Sabha,LS_DAROGA_PRASAD_SAROJ,147000000.0,Uttar Pradesh,LALGANJ (SC),
Lok Sabha,LS_DARSHAN_SINGH_CHOUDHARY,147000000.0,Madhya Pradesh,HOSHANGABAD,
Lok Sabha,LS_DEEPENDER_SINGH_HOODA,147000000.0,Haryana,ROHTAK,
Lok Sabha,LS_DEVENDRA_ALIAS_BHOLE_SINGH,147000000.0,Uttar Pradesh,AKBARPUR,
Lok Sabha,LS_DEVESH_CHANDRA_THAKUR,163809205.11,Bihar,SITAMARHI,
Lok Sabha,LS_DEVESH_SHAKYA,147000000.0,Uttar Pradesh,ETAH,
Lok Sabha,LS_DEVUSINH_JESINGBHAI_CHAUHAN,147000000.0,Gujarat,KHEDA,
Lok Sabha,LS_DHAIRYASHEEL_SAMBHAJIRAO_MANE,147000000.0,Maharashtra,HATKANANGLE,
Lok Sabha,LS_DHANORKAR_PRATIBHA_SURESH_ALIAS_BALUBHAU,147000000.0,Maharashtra,CHANDRAPUR,
Lok Sabha,LS_DHARMENDRA_PRADHAN,147000000.0,Odisha,SAMBALPUR,
Lok Sabha,LS_DHARMENDRA_YADAV,147000000.0,Uttar Pradesh,AZAMGARH,
Lok Sabha,LS_DHAVAL_LAXMANBHAI_PATEL,147000000.0,Gujarat,VALSAD(ST),
Lok Sabha,LS_DILESHWAR_KAMAIT,150450930.89,Bihar,SUPAUL,
Lok Sabha,LS_DILIP_SAIKIA,147000000.0,Assam,Darrang-Udalguri,
Lok Sabha,LS_DINESH_CHANDRA_YADAV,150070866.11,Bihar,MADHEPURA,
Lok Sabha,LS_DINESHBHAI_MAKWANA,160434965.11,Gujarat,AHMEDABAD WEST(SC),
Lok Sabha,LS_BYREDDY_SHABARI,150675889.11,Andhra Pradesh,NANDYAL,
Lok Sabha,LS_C_N_MANJUNATH,147000000.0,Karnataka,BANGALORE RURAL,
Lok Sabha,LS_CHANDRA_SEKHAR_PEMMASANI,159774113.11,Andhra Pradesh,GUNTUR,
Lok Sabha,LS_DHARAMVIRA_GANDHI,147000000.0,Punjab,PATIALA,
Lok Sabha,LS_JAYANTA_KUMAR_ROY,147000000.0,West Bengal,JALPAIGURI(SC),
Lok Sabha,LS_KALGE_SHIVAJI_BANDAPPA,147000000.0,Maharashtra,LATUR(SC),
Lok Sabha,LS_MOHAMMAD_JAWED,148669229.11,Bihar,KISHANGANJ,
Lok Sabha,LS_RAJKUMAR_SANGWAN,147000000.0,Uttar Pradesh,BAGHPAT,
Lok Sabha,LS_RANI_SRI_KUMAR,153060922.82,Tamil Nadu,TENKASI(SC),
Lok Sabha,LS_SHASHI_THAROOR,147000000.0,Kerala,THIRUVANANTHAPURAM,
Lok Sabha,LS_SUKANTA_MAJUMDAR,157085364.9,West Bengal,BALURGHAT,
Lok Sabha,LS_HEMANG_JOSHI,147000000.0,Gujarat,VADODARA,
Lok Sabha,LS_HEMANT_VISHNU_SAVARA,147000000.0,Maharashtra,PALGHAR(ST),
Lok Sabha,LS_KIRSAN_NAMDEO,147000000.0,Maharashtra,GADCHIROLI-CHIMUR(ST),
Lok Sabha,LS_LATA_WANKHEDE,147000000.0,Madhya Pradesh,SAGAR,
Lok Sabha,LS_M_P_ABDUSSAMAD_SAMADANI,170434031.11,Kerala,PONNANI,
Lok Sabha,LS_MANSUKH_MANDAVIYA,147000000.0,Gujarat,PORBANDAR,
Lok Sabha,LS_PRABHA_MALLIKARJUN,147000000.0,Karnataka,DAVANAGERE,
Lok Sabha,LS_PRADEEP_KUMAR_PANIGRAHY,147000000.0,Odisha,BERHAMPUR,
Lok Sabha,LS_PRASHANT_YADAORAO_PADOLE,159680283.39,Maharashtra,BHANDARA-GONDIYA,
Lok Sabha,LS_RAJ_KUMAR_CHABBEWAL,147000000.0,Punjab,HOSHIARPUR(SC),
Lok Sabha,LS_RAJESH_MISHRA,262724510.35,Madhya Pradesh,SIDHI,
Lok Sabha,LS_S_P_SINGH,147000000.0,Uttar Pradesh,PRATAPGARH,
Lok Sabha,LS_SHARMILA_SARKAR,147000000.0,West Bengal,BARDHAMAN PURBA(SC),
Lok Sabha,LS_DR_K_SUDHAKAR,147000000.0,Karnataka,CHIKBALLAPUR,
Lok Sabha,LS_DR_MALLU_RAVI,147000000.0,Telangana,NAGARKURNOOL(SC),
Lok Sabha,LS_DULU_MAHATO,147000000.0,Jharkhand,DHANBAD,
Lok Sabha,LS_DURAI_VAIKO,147000000.0,Tamil Nadu,TIRUCHIRAPPALLI,
Lok Sabha,LS_DURGA_DAS_UIKEY,151569502.91,Madhya Pradesh,BETUL(ST),
Lok Sabha,LS_DUSHYANT_SINGH,147000000.0,Rajasthan,JHALAWAR-BARAN,
Lok Sabha,LS_E_TUKARAM,147000000.0,Karnataka,BELLARY(ST),
Lok Sabha,LS_E_T_MOHAMMED_BASHEER,163895872.11,Kerala,MALAPPURAM,
Lok Sabha,LS_EATALA_RAJENDER,327477390.86,Telangana,MALKAJGIRI,
Lok Sabha,LS_ESWARASAMY_K,162315106.11,Tamil Nadu,POLLACHI,
Lok Sabha,LS_FAGGAN_SINGH_KULASTE,151861648.41,Madhya Pradesh,MANDLA(ST),
Lok Sabha,LS_G_KUMAR_NAIK,147000000.0,Karnataka,RAICHUR(ST),
Lok Sabha,LS_GAIKWAD_VARSHA_EKNATH,147000000.0,Maharashtra,MUMBAI NORTH-CENTRAL,
Lok Sabha,LS_GAJENDRA_SINGH_PATEL,147000000.0,Madhya Pradesh,KHARGONE(ST),
Lok Sabha,LS_GAJENDRA_SINGH_SHEKHAWAT,147000000.0,Rajasthan,JODHPUR,
Lok Sabha,LS_GANAPATHY_RAJKUMAR_P,147370490.11,Tamil Nadu,COIMBATORE,
Lok Sabha,LS_GANESAN_SELVAM,186508749.11,Tamil Nadu,KANCHEEPURAM(SC),
Lok Sabha,LS_GANESH_SINGH,147000000.0,Madhya Pradesh,SATNA,
Lok Sabha,LS_GAURAV_GOGOI,147000000.0,Assam,JORHAT,
Lok Sabha,LS_GENIBEN_NAGAJI_THAKOR,147000000.0,Gujarat,BANASKANTHA,
Lok Sabha,LS_GIRIDHARI_YADAV,147000000.0,Bihar,BANKA,
Lok Sabha,LS_GIRIRAJ_SINGH,147000000.0,Bihar,BEGUSARAI,
Lok Sabha,LS_GM_HARISH_BALAYOGI,147000000.0,Andhra Pradesh,AMALAPURAM(SC),
Lok Sabha,LS_GODAM_NAGESH,147000000.0,Telangana,ADILABAD(ST),
Lok Sabha,LS_GOPINATH_K,147000000.0,Tamil Nadu,KRISHNAGIRI,
Lok Sabha,LS_GOVIND_MAKTHAPPA_KARJOL,147000000.0,Karnataka,CHITRADURGA(SC),
Lok Sabha,LS_GUMMA_THANUJA_RANI,149458905.11,Andhra Pradesh,ARAKU(ST),
Lok Sabha,LS_GURMEET_SINGH_MEET_HAYER,147000000.0,Punjab,SANGRUR,
Lok Sabha,LS_GYANESHWAR_PATIL,155690684.77,Madhya Pradesh,KHANDWA,
Lok Sabha,LS_H_D_KUMARASWAMY,147000000.0,Karnataka,MANDYA,
Lok Sabha,LS_HARENDRA_SINGH_MALIK,147000000.0,Uttar Pradesh,MUZAFFARNAGAR,
Lok Sabha,LS_HARIBHAI_PATEL,147000000.0,Gujarat,MAHESANA,
Lok Sabha,LS_HARISH_CHANDRA_MEENA,147000000.0,Rajasthan,TONK-SAWAI MADHOPUR,
Lok Sabha,LS_HARSH_MALHOTRA,147134131.0,Delhi,EAST DELHI,
Lok Sabha,LS_HASMUKH_BHAI_SOMA_BHAI_PATEL,147000000.0,Gujarat,AHMEDABAD EAST,
Lok Sabha,LS_IMRAN_MASOOD,147000000.0,Uttar Pradesh,SAHARANPUR,
Lok Sabha,LS_INDRA_HANG_SUBBA,152003923.11,Sikkim,SIKKIM,
Lok Sabha,LS_IQRA_CHOUDHARY,147000000.0,Uttar Pradesh,KAIRANA,
Lok Sabha,LS_ISHA_KHAN_CHOUDHURY,147000000.0,West Bengal,MALDAHA DAKSHIN,
Lok Sabha,LS_JAGADISH_CHANDRA_BARMA_BASUNIA,168604641.11,West Bengal,COOCHBEHAR(SC),
Lok Sabha,LS_JAGADISH_SHETTAR,147000000.0,Karnataka,BELGAUM,
Lok Sabha,LS_JAGANNATH_SARKAR,147000000.0,West Bengal,RANAGHAT(SC),
Lok Sabha,LS_JAGDAMBIKA_PAL,160643957.11,Uttar Pradesh,DOMARIYAGANJ,
Lok Sabha,LS_JAI_PARKASH,147000000.0,Haryana,HISAR,
Lok Sabha,LS_JAI_PRAKASH,147000000.0,Uttar Pradesh,HARDOI (SC),
Lok Sabha,LS_JANARDAN_MISHRA,147000000.0,Madhya Pradesh,REWA,
Lok Sabha,LS_JASHUBHAI_BHILUBHAI_RATHVA,147000000.0,Gujarat,CHHOTA UDAIPUR(ST),
Lok Sabha,LS_JASWANTSINH_SUMANBHAI_BHABHOR,147000000.0,Gujarat,DAHOD(ST),
Lok Sabha,LS_JITAN_RAM_MANJHI,147000000.0,Bihar,GAYA (SC),
Lok Sabha,LS_JITENDRA_KUMAR_DOHARE,188747306.26,Uttar Pradesh,ETAWAH(SC),
Lok Sabha,LS_JITENDRA_SINGH,147000000.0,Jammu And Kashmir,UDHAMPUR,
Lok Sabha,LS_JITIN_PRASADA,147000000.0,Uttar Pradesh,PILIBHIT,
Lok Sabha,LS_JOBA_MAJHI,147000000.0,Jharkhand,SINGHBHUM(ST),
Lok Sabha,LS_JOYANTA_BASUMATARY,147000000.0,Assam,KOKRAJHAR (ST),
Lok Sabha,LS_JUNE_MALIAH,147000000.0,West Bengal,MEDINIPUR,
Lok Sabha,LS_JYOTIRADITYA_M_SCINDIA,147000000.0,Madhya Pradesh,GUNA,
Lok Sabha,LS_JYOTSNA_CHARANDAS_MAHANT,155153738.11,Chhattisgarh,KORBA,
Lok Sabha,LS_K_E_PRAKASH,147000000.0,Tamil Nadu,ERODE,
Lok Sabha,LS_K_RADHAKRISHNAN,147000000.0,Kerala,ALATHUR(SC),
Lok Sabha,LS_K_SUBBARAYAN,147000000.0,Tamil Nadu,TIRUPPUR,
Lok Sabha,LS_K_C_VENUGOPAL,147000000.0,Kerala,ALAPPUZHA,
Lok Sabha,LS_K_RAJASHEKAR_BASAVARAJ_HITNAL,147000000.0,Karnataka,KOPPAL,
Lok Sabha,LS_KADIYAM_KAVYA,147000000.0,Telangana,WARANGEL(SC),
Lok Sabha,LS_KAKOLI_GHOSH_DASTIDAR,147000000.0,West Bengal,BARASAT,
Lok Sabha,LS_KALABEN_MOHANBHAI_DELKAR,269500000.0,The Dadra And Nagar Haveli And Daman And Diu,DADRA & NAGAR HAVELI (ST),
Lok Sabha,LS_KALANIDHI_VEERASWAMY,171500000.0,Tamil Nadu,CHENNAI NORTH,
Lok Sabha,LS_KALI_CHARAN_MUNDA,147000000.0,Jharkhand,KHUNTI(ST),
Lok Sabha,LS_KALI_CHARAN_SINGH,147000000.0,Jharkhand,CHATRA,
Lok Sabha,LS_KALIPADA_SAREN,147000000.0,West Bengal,JHARGRAM(ST),
Lok Sabha,LS_KALYAN_BANERJEE,147000000.0,West Bengal,SREERAMPUR,
Lok Sabha,LS_KALYAN_VAIJINATHRAO_KALE,147000000.0,Maharashtra,JALNA,
Lok Sabha,LS_KAMAKHYA_PRASAD_TASA,147000000.0,Assam,Kaziranga,
Lok Sabha,LS_KAMALJEET_SEHRAWAT,147000000.0,Delhi,WEST DELHI,
Lok Sabha,LS_KAMLESH_JANGDE,150384382.11,Chhattisgarh,JANJGIR CHAMPA(SC),
Lok Sabha,LS_KAMLESH_PASWAN,147000000.0,Uttar Pradesh,BANSGAON(SC),
Lok Sabha,LS_KANGANA_RANAUT,147000000.0,Himachal Pradesh,MANDI,
Lok Sabha,LS_KANI_K_NAVAS,147000000.0,Tamil Nadu,RAMANATHAPURAM,
Lok Sabha,LS_KANIMOZHI_KARUNANIDHI,147000000.0,Tamil Nadu,THOOTHUKKUDI,
Lok Sabha,LS_KANWAR_SINGH_TANWAR,147000000.0,Uttar Pradesh,AMROHA,
Lok Sabha,LS_KARAN_BHUSHAN_SINGH,147000000.0,Uttar Pradesh,KAISERGANJ,
Lok Sabha,LS_KARTICK_CHANDRA_PAUL,202677986.56,West Bengal,RAIGANJ,
Lok Sabha,LS_KAUSHALENDRA_KUMAR,147000000.0,Bihar,NALANDA,
Lok Sabha,LS_KHAGEN_MURMU,147000000.0,West Bengal,MALDAHA UTTAR,
Lok Sabha,LS_KHALILUR_RAHAMAN,147000000.0,West Bengal,JANGIPUR,
Lok Sabha,LS_KINJARAPU_RAM_MOHAN_NAIDU,171200630.11,Andhra Pradesh,SRIKAKULAM,
Lok Sabha,LS_KIREN_RIJIJU,147000000.0,Arunachal Pradesh,ARUNACHAL WEST,
Lok Sabha,LS_KIRTI_VARDHAN_SINGH,147000000.0,Uttar Pradesh,GONDA,
Lok Sabha,LS_KISHAN_REDDY_GANGAPURAM,147000000.0,Telangana,SECUNDERABAD,
Lok Sabha,LS_KISHORI_LAL,171500000.0,Uttar Pradesh,AMETHI,
Lok Sabha,LS_KONDA_VISHWESHWAR_REDDY,233721420.96,Telangana,CHELVELLA,
Lok Sabha,LS_KOTA_SRINIVAS_POOJARY,147000000.0,Karnataka,UDUPI CHIKMAGALUR,
Lok Sabha,LS_KRIPANATH_MALLAH,147000000.0,Assam,KARIMGANJ (SC),
Lok Sabha,LS_KRISHAN_PAL_GURJAR,147000000.0,Haryana,FARIDABAD,
Lok Sabha,LS_KRISHNA_DEVI_SHIVSHANKER_PATEL,147000000.0,Uttar Pradesh,BANDA,
Lok Sabha,LS_KRISHNA_PRASAD_TENNETI,167796849.11,Andhra Pradesh,BAPATLA,
Lok Sabha,LS_KRITI_DEVI_DEBBARMAN,147000000.0,Tripura,TRIPURA EAST(ST),
Lok Sabha,LS_KULDEEP_INDORA,147000000.0,Rajasthan,GANGANAGAR(SC),
Lok Sabha,LS_KUNDURU_RAGHUVEER,162952022.0,Telangana,NALGONDA,
Lok Sabha,LS_LALJI_VERMA,147000000.0,Uttar Pradesh,AMBEDKAR NAGAR,
Lok Sabha,LS_LAVU_SRI_KRISHNA_DEVARAYALU,174009663.11,Andhra Pradesh,NARASARAOPET,
Lok Sabha,LS_LAXMIKANT_PAPPU_NISHAD,147000000.0,Uttar Pradesh,SANT KABIR NAGAR,
Lok Sabha,LS_LOVELY_ANAND,147000000.0,Bihar,SHEOHAR,
Lok Sabha,LS_LUMBARAM,147000000.0,Rajasthan,JALORE,
Lok Sabha,LS_M_MALLESH_BABU,147065957.11,Karnataka,KOLAR(SC),
Lok Sabha,LS_M_K_VISHNUPRASAD,147000000.0,Tamil Nadu,CUDDALORE,
Lok Sabha,LS_MADDILA_GURUMOORTHY,180399007.0,Andhra Pradesh,TIRUPATI(SC),
Lok Sabha,LS_MADHAVANENI_RAGHUNANDAN_RAO,147000000.0,Telangana,MEDAK,
Lok Sabha,LS_MAGUNTA_SREENIVASULU_REDDY,147000000.0,Andhra Pradesh,ONGOLE,
Lok Sabha,LS_MAHENDRA_SINGH_SOLANKY,147000000.0,Madhya Pradesh,DEWAS(SC),
Lok Sabha,LS_MAHESH_KASHYAP,147000000.0,Chhattisgarh,BASTAR(ST),
Lok Sabha,LS_MAHESH_SHARMA,148816284.11,Uttar Pradesh,GAUTAM BUDDHA NAGAR,
Lok Sabha,LS_MAHIMA_KUMARI_MEWAR,183892143.0,Rajasthan,RAJSAMAND,
Lok Sabha,LS_MALA_RAJYA_LAXMI_SHAH,147000000.0,Uttarakhand,TEHRI GARHWAL,
Lok Sabha,LS_MALA_ROY,147000000.0,West Bengal,KOLKATA DAKSHIN,
Lok Sabha,LS_MALAIYARASAN_D,201599593.0,Tamil Nadu,KALLAKURICHI,
Lok Sabha,LS_MALVIKA_DEVI,147000000.0,Odisha,KALAHANDI,
Lok Sabha,LS_MALVINDER_SINGH_KANG,147000000.0,Punjab,ANANDPUR SAHIB,
Lok Sabha,LS_MANI_A,164515071.11,Tamil Nadu,DHARAMAPURI,
Lok Sabha,LS_MANICKAM_TAGORE_B,147000000.0,Tamil Nadu,VIRUDHUNAGAR,
Lok Sabha,LS_MANISH_JAISWAL,147000000.0,Jharkhand,HAZARIBAGH,
Lok Sabha,LS_MANISH_TEWARI,178351443.75,Chandigarh,CHANDIGARH,
Lok Sabha,LS_MANJU_SHARMA,167082901.11,Rajasthan,JAIPUR,
Lok Sabha,LS_MANNA_LAL_RAWAT,147000000.0,Rajasthan,UDAIPUR(ST),
Lok Sabha,LS_MANOHAR_LAL,147000000.0,Haryana,KARNAL,
Lok Sabha,LS_MANOJ_KUMAR,147000000.0,Bihar,SASARAM(SC),
Lok Sabha,LS_MANOJ_TIGGA,147000000.0,West Bengal,ALIPURDUARS(ST),
Lok Sabha,LS_MANOJ_TIWARI,225843858.0,Delhi,NORTH EAST DELHI,
Lok Sabha,LS_MANSUKHBHAI_DHANJIBHAI_VASAVA,147000000.0,Gujarat,BHARUCH,
Lok Sabha,LS_MIAN_ALTAF_AHMAD,147000000.0,Jammu And Kashmir,ANANTNAG,
Lok Sabha,LS_MIDHUN_REDDY,178951477.11,Andhra Pradesh,RAJAMPET,
Lok Sabha,LS_MISHA_BHARTI,147000000.0,Bihar,PATALIPUTRA,
Lok Sabha,LS_MITESH_RAMESHBHAI_BAKABHAI_PATEL,147000000.0,Gujarat,ANAND,
Lok Sabha,LS_MOHAMED_HANEEFA,161114542.0,Ladakh,LADAKH,
Lok Sabha,LS_MOHIBBULLAH,147000000.0,Uttar Pradesh,RAMPUR,
Lok Sabha,LS_MOHITE_PATIL_DHAIRYASHEEL_RAJSINH,195613601.7,Maharashtra,MADHA,
Lok Sabha,LS_MR_GOPAL_JEE_THAKUR,147000000.0,Bihar,DARBHANGA,
Lok Sabha,LS_MS_MAHUA_MOITRA,159865046.0,West Bengal,KRISHNANAGAR,
Lok Sabha,LS_MUHAMMED_HAMDULLAH_SAYEED,153942460.41,Lakshadweep,LAKSHADWEEP(ST),
Lok Sabha,LS_MUKESH_RAJPUT,147000000.0,Uttar Pradesh,FARRUKHABAD,
Lok Sabha,LS_MUKESHKUMAR_CHANDRAKAANT_DALAL,147000000.0,Gujarat,SURAT,
Lok Sabha,LS_MURARI_LAL_MEENA,147000000.0,Rajasthan,DAUSA(ST),
Lok Sabha,LS_MURASOLI_S,147000000.0,Tamil Nadu,THANJAVUR,
Lok Sabha,LS_MURLIDHAR_MOHOL,147000000.0,Maharashtra,PUNE,
Lok Sabha,LS_NABA_CHARAN_MAJHI,147563957.11,Odisha,MAYURBHANJ (ST),
Lok Sabha,LS_NALIN_SOREN,147364097.11,Jharkhand,DUMKA(ST),
Lok Sabha,LS_NARAYAN_DAS_AHIRWAR,147000000.0,Uttar Pradesh,JALAUN(SC),
Lok Sabha,LS_NARAYAN_TATU_RANE,147000000.0,Maharashtra,RATNAGIRI-SINDHUDURG,
Lok Sabha,LS_NARESH_CHANDRA_UTTAM_PATEL,147000000.0,Uttar Pradesh,FATEHPUR,
Lok Sabha,LS_NARESH_GANPAT_MHASKE,147000000.0,Maharashtra,THANE,
Lok Sabha,LS_NAVEEN_JINDAL,147000000.0,Haryana,KURUKSHETRA,
Lok Sabha,LS_NEERAJ_MAURYA,147000000.0,Uttar Pradesh,AONLA,
Lok Sabha,LS_NILESH_DNYANDEV_LANKE,147000000.0,Maharashtra,AHMEDNAGAR,
Lok Sabha,LS_NIMUBEN_JAYANTIBHAI_BAMBHANIYA,147000000.0,Gujarat,BHAVNAGAR,
Lok Sabha,LS_NISHIKANT_DUBEY,147000000.0,Jharkhand,GODDA,
Lok Sabha,LS_NITIN_JAIRAM_GADKARI,168195086.11,Maharashtra,NAGPUR,
Lok Sabha,LS_NITYANAND_RAI,147000000.0,Bihar,UJJARPUR,
Lok Sabha,LS_OM_BIRLA,163906956.6,Rajasthan,KOTA,
Lok Sabha,LS_OMPRAKASH_BHUPALSINH_ALIAS_PAWAN_RAJENIMBALKAR,184758519.11,Maharashtra,OSMANABAD,
Lok Sabha,LS_P_C_MOHAN,159995711.11,Karnataka,BANGALORE CENTRAL,
Lok Sabha,LS_PANKAJ_CHOWDHARY,147000000.0,Uttar Pradesh,MAHARAJGANJ_UP,
Lok Sabha,LS_PARIMAL_SUKLABAIDYA,148300157.11,Assam,SILCHAR,
Lok Sabha,LS_PARSHOTTAMBHAI_RUPALA,147000000.0,Gujarat,RAJKOT,
Lok Sabha,LS_PARTHA_BHOWMICK,147000000.0,West Bengal,BARRACKPUR,
Lok Sabha,LS_PARVATAGOUDA_CHANDANAGOUDA_GADDIGOUDAR,167541747.11,Karnataka,BAGALKOT,
Lok Sabha,LS_PATEL_UMESHBHAI_BABUBHAI,245063957.0,The Dadra And Nagar Haveli And Daman And Diu,DAMAN and DIU,
Lok Sabha,LS_PATHAN_YUSUF,147000000.0,West Bengal,BAHARAMPUR,
Lok Sabha,LS_PHANI_BHUSAN_CHOUDHURY,147000000.0,Assam,BARPETA,
Lok Sabha,LS_PIYUSH_VEDPRAKASH_GOYAL,147000000.0,Maharashtra,MUMBAI NORTH,
Lok Sabha,LS_PRABHAKAR_REDDY_VEMIREDDY,147000000.0,Andhra Pradesh,NELLORE(SC),
Lok Sabha,LS_PRABHUBHAI_NAGARBHAI_VASAVA,147000000.0,Gujarat,BARDOLI(ST),
Lok Sabha,LS_PRADAN_BARUAH,147000000.0,Assam,LAKHIMPUR,
Lok Sabha,LS_PRADEEP_KUMAR_SINGH,147000000.0,Bihar,ARARIA,
Lok Sabha,LS_PRADEEP_PUROHIT,147000000.0,Odisha,BARGARH,
Lok Sabha,LS_PRADYUT_BORDOLOI,98000000.0,Assam,NOWGONG,
Lok Sabha,LS_PRALHAD_VENKATESH_JOSHI,147000000.0,Karnataka,DHARWAD,
Lok Sabha,LS_PRANITI_SUSHILKUMAR_SHINDE,147000000.0,Maharashtra,SOLAPUR(SC),
Lok Sabha,LS_PRASUN_BANERJEE,147000000.0,West Bengal,HOWRAH,
Lok Sabha,LS_PRATAP_CHANDRA_SARANGI,147064254.11,Odisha,BALASORE,
Lok Sabha,LS_PRATAPRAO_JADHAV,147000000.0,Maharashtra,BULDHANA,
Lok Sabha,LS_PRATIMA_MONDAL,147000000.0,West Bengal,JOYNAGAR(SC),
Lok Sabha,LS_PRAVEEN_KHANDELWAL,147470276.0,Delhi,CHANDINI CHOWK,
Lok Sabha,LS_PRAVEEN_PATEL,151559884.09,Uttar Pradesh,PHULPUR,
Lok Sabha,LS_PRIYA_SAROJ,147000000.0,Uttar Pradesh,MACHHLISHAHR(SC),
Lok Sabha,LS_PRIYANKA_GANDHI_VADRA,122500000.0,Kerala,WAYANAD,
Lok Sabha,LS_PRIYANKA_SATISH_JARKIHOLI,147000000.0,Karnataka,CHIKKODI,
Lok Sabha,LS_SOUGATA_RAY,147000000.0,West Bengal,DUM DUM,
Lok Sabha,LS_SP_SINGH_BAGHEL,147000000.0,Uttar Pradesh,AGRA(SC),
Lok Sabha,LS_PUSHPENDRA_SAROJ,147000000.0,Uttar Pradesh,KAUSHAMBI(SC),
Lok Sabha,LS_PUTTA_MAHESH_KUMAR,147000000.0,Andhra Pradesh,ELURU,
Lok Sabha,LS_R_K_CHAUDHARY,147000000.0,Uttar Pradesh,MOHANLALGANJ(SC),
Lok Sabha,LS_RABINDRA_NARAYAN_BEHERA,147064617.11,Odisha,JAJPUR(SC),
Lok Sabha,LS_RACHNA_BANERJEE,147000000.0,West Bengal,HOOGHLY,
Lok Sabha,LS_RADHA_MOHAN_SINGH,147000000.0,Bihar,PURVI CHAMPARAN,
Lok Sabha,LS_RADHAKRISHNA,147000000.0,Karnataka,GULBARGA(SC),
Lok Sabha,LS_RADHE_SHYAM_RATHIYA,159706972.09,Chhattisgarh,RAIGARH(ST),
Lok Sabha,LS_RAHUL_GANDHI,147000000.0,Uttar Pradesh,RAE BARELI,
Lok Sabha,LS_RAHUL_KASWAN,147000000.0,Rajasthan,CHURU,
Lok Sabha,LS_RAHUL_SINGH_LODHI,163058785.37,Madhya Pradesh,DAMOH,
Lok Sabha,LS_RAJ_BHUSHAN_CHOUDHARY,147000000.0,Bihar,MUZAFFARPUR,
Lok Sabha,LS_RAJ_KUMAR_ROAT,147000000.0,Rajasthan,BANSWARA(ST),
Lok Sabha,LS_RAJA_RAM_SINGH,147000000.0,Bihar,KARAKAT,
Lok Sabha,LS_RAJABHAU,152878682.11,Maharashtra,NASHIK,
Lok Sabha,LS_RAJEEV_BHARDWAJ,179388967.11,Himachal Pradesh,KANGRA,
Lok Sabha,LS_RAJEEV_RAI,147000000.0,Uttar Pradesh,GHOSI,
Lok Sabha,LS_RAJESH_RANJAN_ALIAS_PAPPU_YADAV,147000000.0,Bihar,PURNEA,
Lok Sabha,LS_RAJESH_VERMA,147000000.0,Bihar,KHAGARIA,
Lok Sabha,LS_RAJESHBHAI_NARANBHAI_CHUDASAMA,147000000.0,Gujarat,JUNAGADH,
Lok Sabha,LS_RAJIV_PRATAP_RUDY,147000000.0,Bihar,SARAN,
Lok Sabha,LS_RAJIV_RANJAN_LALAN_SINGH,147000000.0,Bihar,MUNGER,
Lok Sabha,LS_RAJKUMAR_CHAHAR,147000000.0,Uttar Pradesh,FATEHPUR SIKRI,
Lok Sabha,LS_RAJNATH_SINGH,154808797.11,Uttar Pradesh,LUCKNOW,
Lok Sabha,LS_RAJPALSINH_MAHENDRASINH_JADAV,147000000.0,Gujarat,PANCHMAHAL,
Lok Sabha,LS_RAJU_BISTA,147000000.0,West Bengal,DARJEELING,
Lok Sabha,LS_RAKESH_RATHOR,147000000.0,Uttar Pradesh,SITAPUR,
Lok Sabha,LS_RAKIBUL_HUSSAIN,147000000.0,Assam,DHUBRI,
Lok Sabha,LS_RAM_PRASAD_CHAUDHARY,204176957.11,Uttar Pradesh,BASTI,
Lok Sabha,LS_RAM_SHIROMANI,151746878.11,Uttar Pradesh,SHRAWASTI,
Lok Sabha,LS_RAMASAHAYAM_RAGHURAM_REDDY,147000000.0,Telangana,KHAMMAM,
Lok Sabha,LS_RAMASHANKAR_RAJBHAR,160056927.07,Uttar Pradesh,SALEMPUR,
Lok Sabha,LS_RAMBHUAL_NISHAD,151231957.11,Uttar Pradesh,SULTANPUR,
Lok Sabha,LS_RAMESH_AWASTHI,147000000.0,Uttar Pradesh,KANPUR,
Lok Sabha,LS_RAMESH_CHANDAPPA_JIGAJINAGI,269500000.0,Karnataka,BIJAPUR(SC),
Lok Sabha,LS_RAMPRIT_MANDAL,147000000.0,Bihar,JHANJHARPUR,
Lok Sabha,LS_RAMVIR_SINGH_BIDHURI,147559100.0,Delhi,SOUTH DELHI,
Lok Sabha,LS_RANJIT_DUTTA,147000000.0,Assam,Sonitpur,
Lok Sabha,LS_RAO_INDERJIT_SINGH,147000000.0,Haryana,GURGAON,
Lok Sabha,LS_RAO_RAJENDRA_SINGH,147000000.0,Rajasthan,JAIPUR RURAL,
Lok Sabha,LS_RAVI_SHANKAR_PRASAD,147000000.0,Bihar,PATNA SAHIB,
Lok Sabha,LS_RAVINDRA_DATTARAM_WAIKAR,147000000.0,Maharashtra,MUMBAI NORTH WEST,
Lok Sabha,LS_RAVINDRA_SHYAMNARAYAN_ALIAS_RAVI_KISHAN_SHUKLA,147000000.0,Uttar Pradesh,GORAKHPUR,
Lok Sabha,LS_RAVINDRA_VASANTRAO_CHAVAN,147000000.0,Maharashtra,NANDED,
Lok Sabha,LS_RICHARD_VANLALHMANGAIHA,147000000.0,Mizoram,MIZORAM (ST),
Lok Sabha,LS_ROBERT_BRUCE_C,147475440.11,Tamil Nadu,TIRUNELVELI,
Lok Sabha,LS_RODMAL_NAGAR,147000000.0,Madhya Pradesh,RAJGARH,
Lok Sabha,LS_ROOP_KUMARI_CHOUDHARY,153035414.0,Chhattisgarh,MAHASAMUND,
Lok Sabha,LS_RUCHI_VIRA,147000000.0,Uttar Pradesh,MORADABAD,
Lok Sabha,LS_RUDRA_NARAYAN_PANY,155013957.11,Odisha,DHENKANAL,
Lok Sabha,LS_S_SUPONGMEREN_JAMIR,147000000.0,Nagaland,NAGALAND,
Lok Sabha,LS_S_VENKATESAN,147000000.0,Tamil Nadu,MADURAI,
Lok Sabha,LS_S_JAGATHRAKSHAKAN,180589332.34,Tamil Nadu,ARAKKONAM,
Lok Sabha,LS_SACHITHANANTHAM_R,147000000.0,Tamil Nadu,DINDIGUL,
Lok Sabha,LS_SAGAR_ESHWAR_KHANDRE,147000000.0,Karnataka,BIDAR,
Lok Sabha,LS_SALENG_A_SANGMA,147000000.0,Meghalaya,TURA,
Lok Sabha,LS_SAMBIT_PATRA,147000000.0,Odisha,PURI,
Lok Sabha,LS_SANATAN_PANDEY,180420041.4,Uttar Pradesh,BALLIA,
Lok Sabha,LS_SANJAY_DINA_PATIL,147000000.0,Maharashtra,MUMBAI NORTH EAST,
Lok Sabha,LS_SANJAY_HARIBHAU_JADHAV,147000000.0,Maharashtra,PARBHANI,
Lok Sabha,LS_SANJAY_JAISWAL,147000000.0,Bihar,PASCHIM CHAMPARAN,
Lok Sabha,LS_SANJAY_KUMAR_BANDI,172775317.11,Telangana,KARIMNAGAR,
Lok Sabha,LS_SANJAY_SETH,147064357.11,Jharkhand,RANCHI,
Lok Sabha,LS_SANJAY_UTTAMRAO_DESHMUKH,185640423.0,Maharashtra,YAVATMAL-WASHIM,
Lok Sabha,LS_SANJNA_JATAV,147000000.0,Rajasthan,BHARATPUR(SC),
Lok Sabha,LS_SANTOSH_PANDEY,147000000.0,Chhattisgarh,RAJNANDGAON,
Lok Sabha,LS_SAPTAGIRI_SANKAR_ULAKA,269500000.0,Odisha,KORAPUT(ST),
Lok Sabha,LS_SARABJEET_SINGH_KHALSA,150850348.15,Punjab,FARIDKOT(SC),
Lok Sabha,LS_SASIKANTH_SENTHIL,171500000.0,Tamil Nadu,TIRUVALLUR(SC),
Lok Sabha,LS_SATPAL_BRAHAMCHARI,147000000.0,Haryana,SONEPAT,
Lok Sabha,LS_SAUMITRA_KHAN,147000000.0,West Bengal,BISHNUPUR(SC),
Lok Sabha,LS_SAVITRI_THAKUR,147000000.0,Madhya Pradesh,DHAR(ST),
Lok Sabha,LS_SAYANI_GHOSH,147000000.0,West Bengal,JADAVPUR,
Lok Sabha,LS_SELJA,147000000.0,Haryana,SIRSA(SC),
Lok Sabha,LS_SELVAGANAPATHI_T_M,147000000.0,Tamil Nadu,SALEM,
Lok Sabha,LS_SELVARAJ_V,147000000.0,Tamil Nadu,NAGAPATTINAM(SC),
Lok Sabha,LS_SHAFI_PARAMBIL,147000000.0,Kerala,VADAKARA,
Lok Sabha,LS_SHAMBHAVI,147000000.0,Bihar,SAMASTIPUR(SC),
Lok Sabha,LS_SHANKAR_LALWANI,147000000.0,Madhya Pradesh,INDORE,
Lok Sabha,LS_SHASHANK_MANI,147000000.0,Uttar Pradesh,DEORIA,
Lok Sabha,LS_SHATRUGHAN_SINHA,147000000.0,West Bengal,ASANSOL,
Lok Sabha,LS_SHER_SINGH_GHUBAYA,147000000.0,Punjab,FIROZPUR,
Lok Sabha,LS_SHIVMANGAL_SINGH_TOMAR,147000000.0,Madhya Pradesh,MORENA,
Lok Sabha,LS_SHIVRAJ_SINGH_CHOUHAN,147000000.0,Madhya Pradesh,VIDISHA,
Lok Sabha,LS_SHOBHA_KARANDLAJE,147000000.0,Karnataka,BANGALORE NORTH,
Lok Sabha,LS_SHOBHANABEN_MAHENDRASINH_BARAIYA,147000000.0,Gujarat,SABARKANTHA,
Lok Sabha,LS_SHREYAS_M_PATEL,147000000.0,Karnataka,HASSAN,
Lok Sabha,LS_DHARAMBIR_SINGH,147000000.0,Haryana,BHIWANI MAHENDRAGARH,
Lok Sabha,LS_ABHISHEK_BANERJEE,147000000.0,West Bengal,DIAMOND HARBOUR,
Lok Sabha,LS_AMAR_SINGH,147000000.0,Punjab,FATEHGARH SAHIB(SC),
Lok Sabha,LS_AMIT_SHAH,147000000.0,Gujarat,GANDHINAGAR,
Lok Sabha,LS_ANIL_FIROJIYA,147000000.0,Madhya Pradesh,UJJAIN(SC),
Lok Sabha,LS_ARJUN_RAM_MEGHWAL,147000000.0,Rajasthan,BIKANER(SC),
Lok Sabha,LS_ARUN_KUMAR_SAGAR,147000000.0,Uttar Pradesh,SHAHJAHANPUR(SC),
Lok Sabha,LS_B_Y_RAGHAVENDRA,147000000.0,Karnataka,SHIMOGA,
Lok Sabha,LS_BENNY_BEHANAN,164674770.11,Kerala,CHALAKUDY,
Lok Sabha,LS_BHARTRUHARI_MAHTAB,147000000.0,Odisha,CUTTACK,
Lok Sabha,LS_CHANDRA_PRAKASH_CHOUDHARY,147000000.0,Jharkhand,GIRIDIH,
Lok Sabha,LS_DEEPAK_DEV_ADHIKARI,200747364.0,West Bengal,GHATAL,
Lok Sabha,LS_GURJEET_SINGH_AUJLA,147000000.0,Punjab,AMRITSAR,
Lok Sabha,LS_HANUMAN_BENIWAL,147000000.0,Rajasthan,NAGAUR,
Lok Sabha,LS_HIBI_EDEN,162177260.11,Kerala,ERNAKULAM,
Lok Sabha,LS_JANARDAN_SINGH_SIGRIWAL,147000000.0,Bihar,MAHARAJGANJ_BR,
Lok Sabha,LS_JUAL_ORAM,173096756.91,Odisha,SUNDARGARH (ST),
Lok Sabha,LS_JUGAL_KISHORE_SHARMA,147000000.0,Jammu And Kashmir,JAMMU,
Lok Sabha,LS_JYOTIRMAY_SINGH_MAHATO,147000000.0,West Bengal,PURULIA,
Lok Sabha,LS_KARTI_P_CHIDAMBARAM,159049284.11,Tamil Nadu,SIVAGANGA,
Lok Sabha,LS_KUMBAKUDI_SUDHAKARAN,147000000.0,Kerala,KANNUR,
Lok Sabha,LS_LS_TEJASVI_SURYA,147000000.0,Karnataka,BANGALORE SOUTH,
Lok Sabha,LS_M_K_RAGHAVAN,147000000.0,Kerala,KOZHIKODE,
Lok Sabha,LS_NARENDRA_MODI,162070276.11,Uttar Pradesh,VARANASI,
Lok Sabha,LS_NK_PREMACHANDRAN,171477994.11,Kerala,KOLLAM,
Lok Sabha,LS_PP_CHAUDHARY,147000000.0,Rajasthan,PALI,
Lok Sabha,LS_RAJMOHAN_UNNITHAN,156754633.11,Kerala,KASARAGOD,
Lok Sabha,LS_SARBANANDA_SONOWAL_18LS,147000000.0,Assam,DIBRUGARH,
Lok Sabha,LS_SATISH_KUMAR_GAUTAM,147000000.0,Uttar Pradesh,ALIGARH,
Lok Sabha,LS_SHANTANU_THAKUR,147000000.0,West Bengal,BANGAON(SC),
Lok Sabha,LS_SUDHEER_GUPTA,148988014.83,Madhya Pradesh,MANDSOUR,
Lok Sabha,LS_SURESH_KODIKUNNIL,172429519.11,Kerala,MAVELIKKARA(SC),
Lok Sabha,LS_TAPIR_GAO,147000000.0,Arunachal Pradesh,ARUNACHAL EAST,
Lok Sabha,LS_VIJAYAKUMAR_VASANTH,171500000.0,Tamil Nadu,KANNIYAKUMARI,
Lok Sabha,LS_SHRIKANT_EKNATH_SHINDE,147000000.0,Maharashtra,KALYAN,
Lok Sabha,LS_SHRIMANT_CHH_UDAYANRAJE_PRATAPSINHAMAHARAJ_BHONSLE,147000000.0,Maharashtra,SATARA,
Lok Sabha,LS_SHRIPAD_YESSO_NAIK,147000000.0,Goa,NORTH GOA,
Lok Sabha,LS_SHRIRANG_APPA_BARNE,147000000.0,Maharashtra,MAVAL,
Lok Sabha,LS_SHYAMKUMAR,147000000.0,Maharashtra,RAMTEK(SC),
Lok Sabha,LS_SIVANATH_KESINENI,159864032.49,Andhra Pradesh,VIJAYAWADA,
Lok Sabha,LS_SK_NURUL_ISLAM,49000000.0,West Bengal,BASIRHAT,
Lok Sabha,LS_SMITA_UDAY_WAGH,148107373.11,Maharashtra,JALGAON,
Lok Sabha,LS_ANUPRIYA_PATEL,147000000.0,Uttar Pradesh,MIRZAPUR,
Lok Sabha,LS_APARAJITA_SARANGI,147420861.41,Odisha,BHUBANESWAR,
Lok Sabha,LS_DIMPLE_YADAV,192042469.11,Uttar Pradesh,MAINPURI,
Lok Sabha,LS_HARSIMRAT_KAUR_BADAL,159775982.39,Punjab,BHATINDA,
Lok Sabha,LS_HEMA_MALINI,147000000.0,Uttar Pradesh,MATHURA,
Lok Sabha,LS_HIMADRI_SINGH,150724861.11,Madhya Pradesh,SHAHDOL (ST),
Lok Sabha,LS_POONAMBEN_HEMATBHAI_MAADAM,147000000.0,Gujarat,JAMNAGAR,
Lok Sabha,LS_RAKSHA_NIKHIL_KHADSE,153112586.11,Maharashtra,RAVER,
Lok Sabha,LS_S_JOTHIMANI,147000000.0,Tamil Nadu,KARUR,
Lok Sabha,LS_SAJDA_AHMED,147000000.0,West Bengal,ULUBERIA,
Lok Sabha,LS_SANDHYA_RAY,147000000.0,Madhya Pradesh,BHIND(SC),
Lok Sabha,LS_SANGEETA_KUMARI_SINGH_DEO,147000000.0,Odisha,BOLANGIR,
Lok Sabha,LS_SATABDI_ROY_BANERJEE,147000000.0,West Bengal,BIRBHUM,
Lok Sabha,LS_SUPRIYA_SADANAND_SULE,147000000.0,Maharashtra,BARAMATI,
Lok Sabha,LS_VEENA_DEVI,147000000.0,Bihar,VAISHALI,
Lok Sabha,LS_SRIBHARAT_MATHUKUMLI,164841922.0,Andhra Pradesh,VISAKHAPATNAM,
Lok Sabha,LS_SUDAMA_PRASAD,147000000.0,Bihar,ARRAH,
Lok Sabha,LS_SUDHA_R,147332315.11,Tamil Nadu,MAYILADUTHURAI,
Lok Sabha,LS_SUDHAKAR_SINGH,185211956.54,Bihar,BUXAR,
Lok Sabha,LS_SUDIP_BANDYOPADHYAY,147000000.0,West Bengal,KOLKATA UTTAR,
Lok Sabha,LS_SUKANTA_KUMAR_PANIGRAHI,190712424.11,Odisha,KANDHAMAL,
Lok Sabha,LS_SUKHDEO_BHAGAT,171821957.11,Jharkhand,LOHARDAGA(ST),
Lok Sabha,LS_SUKHJINDER_SINGH_RANDHAWA,147000000.0,Punjab,GURDASPUR,
Lok Sabha,LS_SUNIL_BOSE,147000000.0,Karnataka,CHAMARAJANAGAR(SC),
Lok Sabha,LS_SUNIL_DATTATRAY_TATKARE,147000000.0,Maharashtra,RAIGAD,
Lok Sabha,LS_SUNIL_KUMAR,147000000.0,Bihar,VALMIKI NAGAR,
Lok Sabha,LS_SURENDRA_PRASAD_YADAV,155325714.0,Bihar,JAHANABAD,
Lok Sabha,LS_SURESH_GOPI,147000000.0,Kerala,THRISSUR,
Lok Sabha,LS_SURESH_KUMAR_KASHYAP,153563957.11,Himachal Pradesh,SHIMLA (SC),
Lok Sabha,LS_SURESH_KUMAR_SHETKAR,147000000.0,Telangana,ZAHIRABAD,
Lok Sabha,LS_SWAMI_SACHCHIDANANDHARI_SAKSHI_JI_MAHARAJ,147000000.0,Uttar Pradesh,UNNAO,
Lok Sabha,LS_T_SUMATHY_A_THAMIZHACHI_THANGAPANDIAN,147000000.0,Tamil Nadu,CHENNAI SOUTH,
Lok Sabha,LS_TANGELLA_UDAY_SRINIVAS,199417886.76,Andhra Pradesh,KAKINADA,
Lok Sabha,LS_TANUJ_PUNIA,148198170.11,Uttar Pradesh,BARABANKI(SC),
Lok Sabha,LS_TARIQ_ANWAR,147000000.0,Bihar,KATIHAR,
Lok Sabha,LS_THALIKKOTTAI_RAJUTHEVAR_BAALU,196905535.11,Tamil Nadu,SRIPERUMBUDUR,
Lok Sabha,LS_THANGA_TAMILSELVAN,167755939.81,Tamil Nadu,THENI,
Lok Sabha,LS_THARANIVENTHAN_M_S,168337124.35,Tamil Nadu,ARANI,
Lok Sabha,LS_THIRU_DAYANIDHI_MARAN,147000000.0,Tamil Nadu,CHENNAI CENTRAL,
Lok Sabha,LS_THIRUMAA_VALAVAN_THOL,147000000.0,Tamil Nadu,CHIDAMBARAM(SC),
Lok Sabha,LS_TOKHAN_SAHU,147000000.0,Chhattisgarh,BILASPUR,
Lok Sabha,LS_TRIVENDRA_SINGH_RAWAT,147000000.0,Uttarakhand,HARDWAR,
Lok Sabha,LS_UJJWAL_RAMAN_SINGH,147000000.0,Uttar Pradesh,ALLAHABAD,
Lok Sabha,LS_UMMEDA_RAM_BENIWAL,147000000.0,Rajasthan,BARMER,
Lok Sabha,LS_UTKARSH_VERMA_MADHUR,147000000.0,Uttar Pradesh,KHERI,
Lok Sabha,LS_V_S_MATHESWARAN,162539930.11,Tamil Nadu,NAMAKKAL,
Lok Sabha,LS_V_SOMANNA,147000000.0,Karnataka,TUMKUR,
Lok Sabha,LS_VAITHILINGAM_VE,209368972.11,Puducherry,Puducherry,
Lok Sabha,LS_VAMSI_KRISHNA_GADDAM,148451721.11,Telangana,PEDDAPALLE,
Lok Sabha,LS_VARUN_CHAUDHRY,255454264.0,Haryana,AMBALA (SC),
Lok Sabha,LS_VELLALATH_KOCHUKRISHNAN_NAIR_SREEKANDAN,167807990.11,Kerala,PALAKKAD,
Lok Sabha,LS_VIJAY_BAGHEL,147000000.0,Chhattisgarh,DURG,
Lok Sabha,LS_VIJAY_KUMAR_DUBEY,148900000.0,Uttar Pradesh,KUSHI NAGAR,
Lok Sabha,LS_VIJAY_KUMAR_HANSDAK,147223957.11,Jharkhand,RAJMAHAL(ST),
Lok Sabha,LS_VIJAYLAKSHMI_DEVI,147000000.0,Bihar,SIWAN,
Lok Sabha,LS_VINOD_CHAVDA,147000000.0,Gujarat,KACHCHH(SC),
Lok Sabha,LS_VINOD_KUMAR_BIND,147000000.0,Uttar Pradesh,BHADOHI,
Lok Sabha,LS_VIRENDRA_KUMAR,147000000.0,Madhya Pradesh,TIKAMGARH(SC),
Lok Sabha,LS_VIRENDRA_SINGH,147000000.0,Uttar Pradesh,CHANDAULI,
Lok Sabha,LS_VISHAL,147000000.0,Maharashtra,SANGLI,
Lok Sabha,LS_VISHNU_DAYAL_RAM,158176083.11,Jharkhand,PALAMU(SC),
Lok Sabha,LS_VISHNU_DUTT_SHARMA,147000000.0,Madhya Pradesh,KHAJURAHO,
Lok Sabha,LS_VISHWESHWAR_HEGDE_KAGERI,147000000.0,Karnataka,UTTARA KANNADA,
Lok Sabha,LS_VIVEK_THAKUR,147000000.0,Bihar,NAWADA,
Lok Sabha,LS_Y_S_AVINASH_REDDY,156430260.11,Andhra Pradesh,KADAPA,
Lok Sabha,LS_YADUVEER_KRISHNADATTA_CHAMARAJA_WADIYAR,147000000.0,Karnataka,MYSORE,
Lok Sabha,LS_YOGENDRA_CHANDOLIYA,147876307.0,Delhi,NORTH WEST DELHI(SC),
Lok Sabha,LS_ZIA_UR_REHMAN,147000000.0,Uttar Pradesh,SAMBHAL,
Rajya Sabha,RS_ABHISHEK_MANU_SINGHVI,73421449.0,Telangana,,Elected MP
Rajya Sabha,RS_AJEET_MADHAVRAO_GOPCHADE,147000000.0,Maharashtra,,Elected MP
Rajya Sabha,RS_ALKA_SINGH,49000000.0,Rajasthan,,Elected MP
Rajya Sabha,RS_ANBUMANI_RAMADOSS,49356476.5,Tamil Nadu,,Elected MP
Rajya Sabha,RS_ANIL_SUKHDEORAO_BONDE,196063957.11,Maharashtra,,Elected MP
Rajya Sabha,RS_ASHOK_KUMAR_MITTAL,222487632.14,Punjab,,Elected MP
Rajya Sabha,RS_BHIM_SINGH,186200000.0,Bihar,,Elected MP
Rajya Sabha,RS_DHARMASTHALA_VEERENDRA_HEGGADE,196063957.11,Karnataka,,Nominated MP
Rajya Sabha,RS_DHARMSHILA_GUPTA,186200000.0,Bihar,,Elected MP
Rajya Sabha,RS_DINESH_SHARMA,147000000.0,Uttar Pradesh,,Elected MP
Rajya Sabha,RS_FAIYAZ_AHMAD,235263957.11,Bihar,,Elected MP
Rajya Sabha,RS_JOHN_BRITTAS,245063957.11,Kerala,,Elected MP
Rajya Sabha,RS_JYOTI_NAGNATH_WAGHMARE,49000000.0,Maharashtra,,Elected MP
Rajya Sabha,RS_K_LAXMAN,197637007.11,Uttar Pradesh,,Elected MP
Rajya Sabha,RS_KALPANA_SAINI,200830405.8,Uttarakhand,,Elected MP
Rajya Sabha,RS_KAVITA_PATIDAR,197118521.35000002,Madhya Pradesh,,Elected MP
Rajya Sabha,RS_L_MURUGAN,147000000.0,Madhya Pradesh,,Elected MP
Rajya Sabha,RS_LAXMIKANT_BAJPAYEE,196000000.0,Uttar Pradesh,,Elected MP
Rajya Sabha,RS_M_DHANAPAL,89248285.42,Tamil Nadu,,Elected MP
Rajya Sabha,RS_M_THAMBI_DURAI,49356476.5,Tamil Nadu,,Elected MP
Rajya Sabha,RS_MEDHA_VISHRAM_KULKARNI,147000000.0,Maharashtra,,Elected MP
Rajya Sabha,RS_MEENAKSHI_JAIN,73500000.0,Delhi,,Nominated MP
Rajya Sabha,RS_MUKESHBHAI_J_RATHWA,49000000.0,Gujarat,,Elected MP
Rajya Sabha,RS_PARMAR_JASHVANTSINH_SALAMSINH,147000000.0,Gujarat,,Elected MP
Rajya Sabha,RS_RADHA_MOHAN_DAS_AGRAWAL,203626524.67000002,Uttar Pradesh,,Elected MP
Rajya Sabha,RS_SANDEEP_KUMAR_PATHAK,232203454.24,Punjab,,Elected MP
Rajya Sabha,RS_SANGEETA_BALWANT,147000000.0,Uttar Pradesh,,Elected MP
Rajya Sabha,RS_SANTRUPT_MISRA,49000000.0,Odisha,,Elected MP
Rajya Sabha,RS_SARFRAZ_AHMAD,178564551.09,Jharkhand,,Elected MP
Rajya Sabha,RS_SASMIT_PATRA,196063957.11,Odisha,,Elected MP
Rajya Sabha,RS_SATISH_POONIA,49000000.0,Rajasthan,,Elected MP
Rajya Sabha,RS_SIKANDER_KUMAR,207863957.11,Himachal Pradesh,,Elected MP
Rajya Sabha,RS_SUDHANSHU_TRIVEDI,147000000.0,Uttar Pradesh,,Elected MP
Rajya Sabha,RS_SYED_NASEER_HUSSAIN,147000000.0,Karnataka,,Elected MP
Rajya Sabha,RS_V_SIVADASAN,276720323.27,Kerala,,Elected MP
Rajya Sabha,RS_VIKRAMJIT_SINGH_SAHNEY,198656208.57000002,Punjab,,Elected MP
Rajya Sabha,RS_MS_DOLA_SEN,171500000.0,West Bengal,,Elected MP
Rajya Sabha,RS_MS_SWATI_MALIWAL,147000000.0,Delhi,,Elected MP
Rajya Sabha,RS_MANOJ_KUMAR_JHA,191620112.11,Bihar,,Elected MP
Rajya Sabha,RS_RAM_GOPAL_YADAV,221271395.11,Uttar Pradesh,,Elected MP
Rajya Sabha,RS_A_A_RAHIM,220563957.11,Kerala,,Elected MP
Rajya Sabha,RS_ABDUL_WAHAB,310898953.29,Kerala,,Elected MP
Rajya Sabha,RS_ADITYA_PRASAD,227628508.2,Jharkhand,,Elected MP
Rajya Sabha,RS_AJAY_MAKAN,147000000.0,Karnataka,,Elected MP
Rajya Sabha,RS_AKHILESH_PRASAD_SINGH,186200000.0,Bihar,,Elected MP
Rajya Sabha,RS_AMAR_PAL_MAURYA,147000000.0,Uttar Pradesh,,Elected MP
Rajya Sabha,RS_ANIL_KUMAR_YADAV_MANDADI,147000000.0,Telangana,,Elected MP
Rajya Sabha,RS_ANURAG_SHARMA,49000000.0,Himachal Pradesh,,Elected MP
Rajya Sabha,RS_ARUN_SINGH,223492764.11,Uttar Pradesh,,Elected MP
Rajya Sabha,RS_ASHOK_SINGH,147000000.0,Madhya Pradesh,,Elected MP
Rajya Sabha,RS_ASHOKRAO_SHANKARRAO_CHAVAN,147000000.0,Maharashtra,,Elected MP
Rajya Sabha,RS_ASHWINI_VAISHNAW,265563957.11,Odisha,,Elected MP
Rajya Sabha,RS_B_PARTHASARADHI_REDDY,244365104.0,Telangana,,Elected MP
Rajya Sabha,RS_B_L_VERMA,196063957.11,Uttar Pradesh,,Elected MP
Rajya Sabha,RS_BABUBHAI_JESANGBHAI_DESAI,171500000.0,Gujarat,,Elected MP
Rajya Sabha,RS_BABURAM_NISHAD,196063957.11,Uttar Pradesh,,Elected MP
Rajya Sabha,RS_BAIDYANATH_RAM,49000000.0,Jharkhand,,Elected MP
Rajya Sabha,RS_BALYOGI_UMESHNATH,147000000.0,Madhya Pradesh,,Elected MP
Rajya Sabha,RS_BANSHILAL_GURJAR,147000000.0,Madhya Pradesh,,Elected MP
Rajya Sabha,RS_BHASHYAM_RAMA_KRISHNA,49000000.0,Andhra Pradesh,,Elected MP
Rajya Sabha,RS_BIRENDRA_PRASAD_BAISHYA,98000000.0,Assam,,Elected MP
Rajya Sabha,RS_BRIJ_LAL,196063957.11,Uttar Pradesh,,Elected MP
Rajya Sabha,RS_C_SADANANDAN_MASTER,73500000.0,Kerala,,Nominated MP
Rajya Sabha,RS_CHANDRAKANT_DAMODAR_HANDORE,147000000.0,Maharashtra,,Elected MP
Rajya Sabha,RS_CHOWDRY_MOHAMMAD_RAMZAN,73500000.0,Jammu And Kashmir,,Elected MP
Rajya Sabha,RS_CHRISTOPHER_MANICKAM,49356476.5,Tamil Nadu,,Elected MP
Rajya Sabha,RS_CHUNNILAL_GARASIYA,147000000.0,Rajasthan,,Elected MP
Rajya Sabha,RS_CONSTANDINE_RAVINDRAN,49356476.5,Tamil Nadu,,Elected MP
Rajya Sabha,RS_DAMODAR_RAO_DIVAKONDA,239919406.11,Telangana,,Elected MP
Rajya Sabha,RS_DEBASHISH_SAMANTARAY,23800006.0,Odisha,,Elected MP
Rajya Sabha,RS_DEREK_O_BRIEN,171500000.0,West Bengal,,Elected MP
Rajya Sabha,RS_DEVENDRA_PRATAP_SINGH,170837637.76,Chhattisgarh,,Elected MP
Rajya Sabha,RS_DHANANJAY_BHIMRAO_MAHADIK,220383643.11,Maharashtra,,Elected MP
Rajya Sabha,RS_DILIP_KUMAR_RAY,49000000.0,Odisha,,Elected MP
Rajya Sabha,RS_DORJEE_TSHERING_LEPCHA,150170726.11,Sikkim,,Elected MP
Rajya Sabha,RS_G_C_CHANDRASHEKHAR,147000000.0,Karnataka,,Elected MP
Rajya Sabha,RS_GHANSHYAM_TIWARI,196063957.11,Rajasthan,,Elected MP
Rajya Sabha,RS_GOLLA_BABURAO,147000000.0,Andhra Pradesh,,Elected MP
Rajya Sabha,RS_GOVINDBHAI_LALJIBHAI_DHOLAKIA,147000000.0,Gujarat,,Elected MP
Rajya Sabha,RS_GULAM_ALI,196063957.11,Jammu And Kashmir,,Nominated MP
Rajya Sabha,RS_GURWINDER_SINGH_OBEROI,73500000.0,Jammu And Kashmir,,Elected MP
Rajya Sabha,RS_HARBHAJAN_SINGH,220984094.27,Punjab,,Elected MP
Rajya Sabha,RS_HARDEEP_SINGH_PURI,226801049.11,Uttar Pradesh,,Elected MP
Rajya Sabha,RS_HARIS_BEERAN,122500000.0,Kerala,,Elected MP
Rajya Sabha,RS_HARSH_MAHAJAN,147000000.0,Himachal Pradesh,,Elected MP
Rajya Sabha,RS_HARSH_VARDHAN_SHRINGLA,73500000.0,West Bengal,,Nominated MP
Rajya Sabha,RS_I_S_INBADURAI,89248285.42,Tamil Nadu,,Elected MP
Rajya Sabha,RS_ILAIYARAAJA,220563957.11,Tamil Nadu,,Nominated MP
Rajya Sabha,RS_IMRAN_PRATAPGARHI,196000000.0,Maharashtra,,Elected MP
Rajya Sabha,RS_JAGAT_PRAKASH_NADDA,147000000.0,Gujarat,,Elected MP
Rajya Sabha,RS_JAGGESH,196063957.11,Karnataka,,Elected MP
Rajya Sabha,RS_JAIRAM_RAMESH,220563957.11,Karnataka,,Elected MP
Rajya Sabha,RS_JAMES_PANGSANG_KONGKAL_SANGMA,49000000.0,Meghalaya,,Elected MP
Rajya Sabha,RS_JAVED_ALI_KHAN,196063957.11,Uttar Pradesh,,Elected MP
Rajya Sabha,RS_JAYANT_CHAUDHARY,214074707.67000002,Uttar Pradesh,,Elected MP
Rajya Sabha,RS_JOGEN_MOHAN,49000000.0,Assam,,Elected MP
Rajya Sabha,RS_JOSE_K_MANI,122500000.0,Kerala,,Elected MP
Rajya Sabha,RS_K_R_N_RAJESHKUMAR,238513975.53,Tamil Nadu,,Elected MP
Rajya Sabha,RS_KAMAL_HAASAN,89248285.42,Tamil Nadu,,Elected MP
Rajya Sabha,RS_KANAD_PURKAYASTHA,98000000.0,Assam,,Elected MP
Rajya Sabha,RS_KAPIL_SIBAL,196063957.11,Uttar Pradesh,,Elected MP
Rajya Sabha,RS_KARAMVIR_SINGH_SINGH_BOUDH,49000000.0,Haryana,,Elected MP
Rajya Sabha,RS_KARTIKEYA_SHARMA,196000000.0,Haryana,,Elected MP
Rajya Sabha,RS_KESRIDEVSINH_JHALA,171500000.0,Gujarat,,Elected MP
Rajya Sabha,RS_KHIANGTE_LALTLUANGKIMA,24500000.0,Mizoram,,Elected MP
Rajya Sabha,RS_KHIRU_MAHTO,235770091.81,Bihar,,Elected MP
Rajya Sabha,RS_L_K_SUDHISH,49356476.5,Tamil Nadu,,Elected MP
Rajya Sabha,RS_LAHAR_SINGH_SIROYA,206278088.11,Karnataka,,Elected MP
Rajya Sabha,RS_LINGAMANENI_RAMESH,49000000.0,Andhra Pradesh,,Elected MP
Rajya Sabha,RS_M_NAGARAJA,49000000.0,Karnataka,,Elected MP
Rajya Sabha,RS_MADAN_RATHORE,147000000.0,Rajasthan,,Elected MP
Rajya Sabha,RS_MAHENDRA_BHATT,147000000.0,Uttarakhand,,Elected MP
Rajya Sabha,RS_MAHESH_KEWAT,49000000.0,Madhya Pradesh,,Elected MP
Rajya Sabha,RS_MALLIKARJUN_KHARGE,49063957.11,Karnataka,,Elected MP
Rajya Sabha,RS_MANAN_KUMAR_MISHRA,235263957.11,Bihar,,Elected MP
Rajya Sabha,RS_MANAS_RANJAN_MANGARAJ,196063957.11,Odisha,,Elected MP
Rajya Sabha,RS_MANMOHAN_SAMAL,49000000.0,Odisha,,Elected MP
Rajya Sabha,RS_MANSOOR_ALI_KHAN,49000000.0,Karnataka,,Elected MP
Rajya Sabha,RS_MASTHAN_RAO_YADAV_BEEDHA,171296045.11,Andhra Pradesh,,Elected MP
Rajya Sabha,RS_MAYANKKUMAR_NAYAK,147000000.0,Gujarat,,Elected MP
Rajya Sabha,RS_MEDA_RAGHUNADHA_REDDY,147000000.0,Andhra Pradesh,,Elected MP
Rajya Sabha,RS_MILIND_MURLI_DEORA,147000000.0,Maharashtra,,Elected MP
Rajya Sabha,RS_MITHLESH_KUMAR,196063957.11,Uttar Pradesh,,Elected MP
Rajya Sabha,RS_MOHAMMED_NADIMUL_HAQUE,147000000.0,West Bengal,,Elected MP
Rajya Sabha,RS_MUKUL_WASNIK,196063957.11,Rajasthan,,Elected MP
Rajya Sabha,RS_NAGENDRA_RAY,171500000.0,West Bengal,,Elected MP
Rajya Sabha,RS_NARAIN_DASS_GUPTA,160837070.0,Delhi,,Elected MP
Rajya Sabha,RS_NARAYANASA_K_BHANDAGE,147450000.0,Karnataka,,Elected MP
Rajya Sabha,RS_NARESH_BANSAL,222043184.71,Uttarakhand,,Elected MP
Rajya Sabha,RS_NAVEEN_JAIN,147000000.0,Uttar Pradesh,,Elected MP
Rajya Sabha,RS_NEERAJ_DANGI,49000000.0,Rajasthan,,Elected MP
Rajya Sabha,RS_NEERAJ_SHEKHAR,236483662.11,Uttar Pradesh,,Elected MP
Rajya Sabha,RS_NITIN_LAXMANRAO_JADHAV_PATIL,122500000.0,Maharashtra,,Elected MP
Rajya Sabha,RS_NITIN_NABIN,49000000.0,Bihar,,Elected MP
Rajya Sabha,RS_P_CHIDAMBARAM,236312242.52,Tamil Nadu,,Elected MP
Rajya Sabha,RS_P_P_SUNEER,122500000.0,Kerala,,Elected MP
Rajya Sabha,RS_P_WILSON,89248285.42,Tamil Nadu,,Elected MP
Rajya Sabha,RS_PABITRA_MARGHERITA,220563957.11,Assam,,Elected MP
Rajya Sabha,RS_PAKA_VENKATA_SATYANARAYANA,98000000.0,Andhra Pradesh,,Elected MP
Rajya Sabha,RS_PARTH_AJIT_PAWAR,49000000.0,Maharashtra,,Elected MP
Rajya Sabha,RS_PAWAN_KHERA,49000000.0,Karnataka,,Elected MP
Rajya Sabha,RS_PRADIP_KUMAR_VARMA,178564551.09,Jharkhand,,Elected MP
Rajya Sabha,RS_PRAFUL_PATEL,147000000.0,Maharashtra,,Elected MP
Rajya Sabha,RS_PRAKASH_CHIK_BARAIK,49662892.0,West Bengal,,Elected MP
Rajya Sabha,RS_PRAMOD_BORO,49000000.0,Assam,,Elected MP
Rajya Sabha,RS_PRAMOD_TIWARI,196063957.11,Rajasthan,,Elected MP
Rajya Sabha,RS_PRAVEEN_CHAKRAVARTHY,49356476.5,Tamil Nadu,,Elected MP
Rajya Sabha,RS_R_DHARMAR,260812242.52,Tamil Nadu,,Elected MP
Rajya Sabha,RS_R_GIRIRAJAN,236312242.52,Tamil Nadu,,Elected MP
Rajya Sabha,RS_RAGHAV_CHADHA,237229207.25,Punjab,,Elected MP
Rajya Sabha,RS_RAJEEV_KUMAR,49000000.0,West Bengal,,Elected MP
Rajya Sabha,RS_RAJEEV_SHUKLA,271174394.23,Chhattisgarh,,Elected MP
Rajya Sabha,RS_RAJESH_PARMANAND_SHUKLA,49000000.0,Gujarat,,Elected MP
Rajya Sabha,RS_RAJIB_BHATTACHARJEE,122500000.0,Tripura,,Elected MP
Rajya Sabha,RS_RAJINDER_GUPTA,49000000.0,Punjab,,Elected MP
Rajya Sabha,RS_RAJNEESH_KUMAR_AGRAWAL,49000000.0,Madhya Pradesh,,Elected MP
Rajya Sabha,RS_RAM_NATH_THAKUR,65673638.730000004,Bihar,,Elected MP
Rajya Sabha,RS_RAMDAS_BANDU_ATHAWALE,49000000.0,Maharashtra,,Elected MP
Rajya Sabha,RS_RAMJI,174518577.11,Uttar Pradesh,,Elected MP
Rajya Sabha,RS_RAMJI_LAL_SUMAN,147000000.0,Uttar Pradesh,,Elected MP
Rajya Sabha,RS_RAMRAO_SAKHARAM_WADKUTE,49000000.0,Maharashtra,,Elected MP
Rajya Sabha,RS_RANDEEP_SINGH_SURJEWALA,196063957.11,Rajasthan,,Elected MP
Rajya Sabha,RS_RATANJIT_PRATAP_NARAIN_SINGH,147000000.0,Uttar Pradesh,,Elected MP
Rajya Sabha,RS_RAVI_CHANDRA_VADDIRAJU,152732534.11,Telangana,,Elected MP
Rajya Sabha,RS_RWNGWRA_NARZARY,220563957.11,Assam,,Elected MP
Rajya Sabha,RS_RYAGA_KRISHNAIAH,170413583.79,Andhra Pradesh,,Elected MP
Rajya Sabha,RS_S_NIRANJAN_REDDY,224621383.11,Andhra Pradesh,,Elected MP
Rajya Sabha,RS_S_JAISHANKAR,171500000.0,Gujarat,,Elected MP
Rajya Sabha,RS_S_KALYANASUNDARAM,239763792.52,Tamil Nadu,,Elected MP
Rajya Sabha,RS_S_SELVAGANABATHY,292881856.49,Puducherry,,Elected MP
Rajya Sabha,RS_S_R_SIVALINGAM,89248285.42,Tamil Nadu,,Elected MP
Rajya Sabha,RS_SADANAND_MHALU_SHET_TANAVADE,171500000.0,Goa,,Elected MP
Rajya Sabha,RS_SAJJAD_AHMAD_KICHLOO,73500000.0,Jammu And Kashmir,,Elected MP
Rajya Sabha,RS_SAMIK_BHATTACHARYA,147000000.0,West Bengal,,Elected MP
Rajya Sabha,RS_SAMIRUL_ISLAM,171500000.0,West Bengal,,Elected MP
Rajya Sabha,RS_SANA_SATHISH_BABU,49063978.0,Andhra Pradesh,,Elected MP
Rajya Sabha,RS_SANDOSH_KUMAR_P,220563957.11,Kerala,,Elected MP
Rajya Sabha,RS_SANJAY_BHATIA,49000000.0,Haryana,,Elected MP
Rajya Sabha,RS_SANJAY_KUMAR_JHA,186200000.0,Bihar,,Elected MP
Rajya Sabha,RS_SANJAY_RAUT,196063957.11,Maharashtra,,Elected MP
Rajya Sabha,RS_SANJAY_SETH,147000000.0,Uttar Pradesh,,Elected MP
Rajya Sabha,RS_SANJAY_SINGH,184466426.11,Delhi,,Elected MP
Rajya Sabha,RS_SANJAY_YADAV,186200000.0,Bihar,,Elected MP
Rajya Sabha,RS_SANT_BALBIR_SINGH,196359074.44000003,Punjab,,Elected MP
Rajya Sabha,RS_SAT_PAUL_SHARMA,73500000.0,Jammu And Kashmir,,Elected MP
Rajya Sabha,RS_SATISH_CHANDRA_DUBEY,235263957.11,Bihar,,Elected MP
Rajya Sabha,RS_SATNAM_SINGH_SANDHU,147000000.0,Chandigarh,,Nominated MP
Rajya Sabha,RS_SHAMBHU_SHARAN_PATEL,237168443.49,Bihar,,Elected MP
Rajya Sabha,RS_SHIVESH_KUMAR,49000000.0,Bihar,,Elected MP
Rajya Sabha,RS_SUBHASH_BARALA,147000000.0,Haryana,,Elected MP
Rajya Sabha,RS_SUBHASISH_KHUNTIA,147000000.0,Odisha,,Elected MP
Rajya Sabha,RS_SUJEET_KUMAR,49000000.0,Odisha,,Elected MP
Rajya Sabha,RS_SURENDRA_SINGH_NAGAR,220563957.11,Uttar Pradesh,,Elected MP
Rajya Sabha,RS_TAI_TAGAK,49000000.0,Arunachal Pradesh,,Elected MP
Rajya Sabha,RS_TARUN_CHUGH,49000000.0,Madhya Pradesh,,Elected MP
Rajya Sabha,RS_TEJVEER_SINGH,147000000.0,Uttar Pradesh,,Elected MP
Rajya Sabha,RS_TERASH_GOWALLA,49000000.0,Assam,,Elected MP
Rajya Sabha,RS_TIRUCHI_SIVA,49356476.5,Tamil Nadu,,Elected MP
Rajya Sabha,RS_UJJWAL_DEORAO_NIKAM,73500000.0,Maharashtra,,Nominated MP
Rajya Sabha,RS_UPENDRA_KUSHWAHA,49000000.0,Bihar,,Elected MP
Rajya Sabha,RS_V_VIJAYENDRA_PRASAD,196063957.11,Andhra Pradesh,,Nominated MP
Rajya Sabha,RS_VIJAY_CHINTAKAYALA,49000000.0,Andhra Pradesh,,Elected MP
Rajya Sabha,RS_VINOD_SHRIDHAR_TAWDE,49000000.0,Maharashtra,,Elected MP
Rajya Sabha,RS_VIVEK_K_TANKHA,220563957.11,Madhya Pradesh,,Elected MP
Rajya Sabha,RS_YERRAM_VENKATA_SUBBA_REDDY,147000000.0,Andhra Pradesh,,Elected MP
Rajya Sabha,RS_ADHIKARIMAYUM_SHARDA_DEVI,49000000.0,Manipur,,Elected MP
Rajya Sabha,RS_DARSHANA_SINGH,196994373.87,Uttar Pradesh,,Elected MP
Rajya Sabha,RS_GEETA_ALIAS_CHANDRAPRABHA,196063957.11,Uttar Pradesh,,Elected MP
Rajya Sabha,RS_JAYA_AMITABH_BACHCHAN,147000000.0,Uttar Pradesh,,Elected MP
Rajya Sabha,RS_JEBI_MATHER_HISHAM,220563957.11,Kerala,,Elected MP
Rajya Sabha,RS_LAXMI_VERMA,49000000.0,Chhattisgarh,,Elected MP
Rajya Sabha,RS_MAHUA_MAJI,232524001.2,Jharkhand,,Elected MP
Rajya Sabha,RS_MAMATA_THAKUR,147000000.0,West Bengal,,Elected MP
Rajya Sabha,RS_MAYA_CHINTAMAN_IVNATE,49000000.0,Maharashtra,,Elected MP
Rajya Sabha,RS_MAYA_NAROLIYA,147000000.0,Madhya Pradesh,,Elected MP
Rajya Sabha,RS_NIRMALA_SITHARAMAN,215972051.45,Karnataka,,Elected MP
Rajya Sabha,RS_P_T_USHA,196063957.11,Kerala,,Nominated MP
Rajya Sabha,RS_PHULO_DEVI_NETAM,49000000.0,Chhattisgarh,,Elected MP
Rajya Sabha,RS_RAJATHI,89248285.42,Tamil Nadu,,Elected MP
Rajya Sabha,RS_RANJEET_RANJAN,246780257.87,Chhattisgarh,,Elected MP
Rajya Sabha,RS_REKHA_SHARMA,98000000.0,Haryana,,Elected MP
Rajya Sabha,RS_RENUKA_CHOWDHURY,147000000.0,Telangana,,Elected MP
Rajya Sabha,RS_S_PHANGNON_KONYAK,206563957.11,Nagaland,,Elected MP
Rajya Sabha,RS_SADHNA_SINGH,147000000.0,Uttar Pradesh,,Elected MP
Rajya Sabha,RS_SAGARIKA_GHOSE,147000000.0,West Bengal,,Elected MP
Rajya Sabha,RS_SANGEETA_YADAV,196063957.11,Uttar Pradesh,,Elected MP
Rajya Sabha,RS_SEEMA_DWIVEDI,173830159.11,Uttar Pradesh,,Elected MP
Rajya Sabha,RS_SONIA_GANDHI,147000000.0,Rajasthan,,Elected MP
Rajya Sabha,RS_SUDHA_MURTY,147000000.0,Karnataka,,Nominated MP
Rajya Sabha,RS_SULATA_DEO,196084721.4,Odisha,,Elected MP
Rajya Sabha,RS_SUMITRA_BALMIK,196063957.11,Madhya Pradesh,,Elected MP
