mp_key,house,mp_name_raw,mp_name_normalized,state,constituency,elected_nominated
LS_AASHTIKAR_PATIL_NAGESH_BAPURAO,Lok Sabha,AASHTIKAR PATIL NAGESH BAPURAO,AASHTIKAR PATIL NAGESH BAPURAO,Maharashtra,HINGOLI,
LS_ABDUL_RASHID_SHEIKH,Lok Sabha,ABDUL RASHID SHEIKH,ABDUL RASHID SHEIKH,Jammu And Kashmir,BARAMULLAH,
LS_ABHAY_KUMAR_SINHA,Lok Sabha,ABHAY KUMAR SINHA,ABHAY KUMAR SINHA,Bihar,AURANGABAD_BR,
LS_ABHIJIT_GANGOPADHYAY,Lok Sabha,ABHIJIT GANGOPADHYAY,ABHIJIT GANGOPADHYAY,West Bengal,TAMLUK,
LS_ABU_TAHER_KHAN,Lok Sabha,Abu Taher Khan,ABU TAHER KHAN,West Bengal,MURSHIDABAD,
LS_ADHIKARI_SOUMENDU,Lok Sabha,ADHIKARI SOUMENDU,ADHIKARI SOUMENDU,West Bengal,KANTHI,
LS_ADITYA_YADAV,Lok Sabha,ADITYA YADAV,ADITYA YADAV,Uttar Pradesh,BADAUN,
LS_ADOOR_PRAKASH,Lok Sabha,Adv Adoor Prakash,ADOOR PRAKASH,Kerala,ATTINGAL,
LS_DEAN_KURIAKOSE,Lok Sabha,Adv Dean Kuriakose,DEAN KURIAKOSE,Kerala,IDUKKI,
LS_GOWAAL_KAGADA_PADAVI,Lok Sabha,ADV GOWAAL KAGADA PADAVI,GOWAAL KAGADA PADAVI,Maharashtra,NANDURBAR(ST),
LS_K_FRANCIS_GEORGE,Lok Sabha,ADV K FRANCIS GEORGE,K FRANCIS GEORGE,Kerala,KOTTAYAM,
LS_AFZAL_ANSARI,Lok Sabha,AFZAL ANSARI,AFZAL ANSARI,Uttar Pradesh,GHAZIPUR,
LS_AGA_SYED_RUHULLAH_MEHDI,Lok Sabha,AGA SYED RUHULLAH MEHDI,AGA SYED RUHULLAH MEHDI,Jammu And Kashmir,SRINAGAR,
LS_AJAY_BHATT,Lok Sabha,Ajay Bhatt,AJAY BHATT,Uttarakhand,NAINITAL UDHAM SINGH NAG.,
LS_AJAY_KUMAR_MANDAL,Lok Sabha,Ajay Kumar Mandal,AJAY KUMAR MANDAL,Bihar,BHAGALPUR,
LS_AJAY_TAMTA,Lok Sabha,Ajay Tamta,AJAY TAMTA,Uttarakhand,ALMORA(SC),
LS_AJENDRA_SINGH_LODHI,Lok Sabha,AJENDRA SINGH LODHI,AJENDRA SINGH LODHI,Uttar Pradesh,HAMIRPUR_UP,
LS_AKHILESH_YADAV,Lok Sabha,AKHILESH YADAV,AKHILESH YADAV,Uttar Pradesh,KANNAUJ,
LS_AKSHAYA_YADAV,Lok Sabha,AKSHAYA YADAV,AKSHAYA YADAV,Uttar Pradesh,FIROZABAD,
LS_ALFRED_KANNGAM_S_ARTHUR,Lok Sabha,ALFRED KANNGAM S ARTHUR,ALFRED KANNGAM S ARTHUR,Manipur,OUTER MANIPUR(ST),
LS_ALOK_KUMAR_SUMAN,Lok Sabha,Alok Kumar Suman,ALOK KUMAR SUMAN,Bihar,GOPALGANJ (SC),
LS_ALOK_SHARMA,Lok Sabha,ALOK SHARMA,ALOK SHARMA,Madhya Pradesh,BHOPAL,
LS_AMAR_SHARADRAO_KALE,Lok Sabha,AMAR SHARADRAO KALE,AMAR SHARADRAO KALE,Maharashtra,WARDHA,
LS_AMARSING_TISSO,Lok Sabha,AMARSING TISSO,AMARSING TISSO,Assam,Diphu (ST),
LS_AMBICA_G_LAKSHMINARAYANA_VALMIKI,Lok Sabha,AMBICA G LAKSHMINARAYANA VALMIKI,AMBICA G LAKSHMINARAYANA VALMIKI,Andhra Pradesh,ANANTAPUR,
LS_AMOL_RAMSING_KOLHE,Lok Sabha,Amol Ramsing Kolhe,AMOL RAMSING KOLHE,Maharashtra,SHIRUR,
LS_AMRARAM,Lok Sabha,AMRARAM,AMRARAM,Rajasthan,SIKAR,
LS_AMRINDER_SINGH_RAJA_WARRING,Lok Sabha,AMRINDER SINGH RAJA WARRING,AMRINDER SINGH RAJA WARRING,Punjab,LUDHIANA,
LS_ANAND_BHADAURIYA,Lok Sabha,ANAND BHADAURIYA,ANAND BHADAURIYA,Uttar Pradesh,DHAURAHRA,
LS_ANAND_KUMAR,Lok Sabha,ANAND KUMAR,ANAND KUMAR,Uttar Pradesh,BAHRAICH(SC),
LS_ANANTA_NAYAK,Lok Sabha,ANANTA NAYAK,ANANTA NAYAK,Odisha,KEONJHAR(ST),
LS_ANDIMUTHU_RAJA,Lok Sabha,Andimuthu Raja,ANDIMUTHU RAJA,Tamil Nadu,NILGIRIS(SC),
LS_ANDREW_J_SYNGKON,Lok Sabha,ANDREW J. SYNGKON,ANDREW J. SYNGKON,Meghalaya,SHILLONG,
LS_ANGOMCHA_BIMOL_AKOIJAM,Lok Sabha,ANGOMCHA BIMOL AKOIJAM,ANGOMCHA BIMOL AKOIJAM,Manipur,INNER MANIPUR,
LS_ANIL_BALUNI,Lok Sabha,ANIL BALUNI,ANIL BALUNI,Uttarakhand,GARHWAL,
LS_ANIL_YESHWANT_DESAI,Lok Sabha,ANIL YESHWANT DESAI,ANIL YESHWANT DESAI,Maharashtra,MUMBAI SOUTH CENTRAL,
LS_ANITA_NAGARSINGH_CHOUHAN,Lok Sabha,ANITA NAGARSINGH CHOUHAN,ANITA NAGARSINGH CHOUHAN,Madhya Pradesh,RATLAM(ST),
LS_ANITA_SUBHADARSHINI,Lok Sabha,ANITA SUBHADARSHINI,ANITA SUBHADARSHINI,Odisha,ASKA,
LS_ANNPURNA_DEVI,Lok Sabha,Annpurna Devi,ANNPURNA DEVI,Jharkhand,KODARMA,
LS_ANOOP_PRADHAN_BALMIKI,Lok Sabha,ANOOP PRADHAN BALMIKI,ANOOP PRADHAN BALMIKI,Uttar Pradesh,HATHRAS (SC),
LS_ANTO_ANTONY,Lok Sabha,Anto Antony,ANTO ANTONY,Kerala,PATHANAMTHITTA,
LS_ANUP_SANJAY_DHOTRE,Lok Sabha,ANUP SANJAY DHOTRE,ANUP SANJAY DHOTRE,Maharashtra,AKOLA,
LS_ANURAG_SHARMA,Lok Sabha,Anurag Sharma,ANURAG SHARMA,Uttar Pradesh,JHANSI,
LS_ANURAG_SINGH_THAKUR,Lok Sabha,Anurag Singh Thakur,ANURAG SINGH THAKUR,Himachal Pradesh,HAMIRPUR_HP,
LS_APPALANAIDU_KALISETTI,Lok Sabha,Appalanaidu Kalisetti,APPALANAIDU KALISETTI,Andhra Pradesh,VIZIANAGARAM,
LS_ARUN_BHARTI,Lok Sabha,ARUN BHARTI,ARUN BHARTI,Bihar,JAMUI(SC),
LS_ARUN_GOVIL,Lok Sabha,ARUN GOVIL,ARUN GOVIL,Uttar Pradesh,MEERUT,
LS_ARUN_NEHRU,Lok Sabha,ARUN NEHRU,ARUN NEHRU,Tamil Nadu,PERAMBALUR,
LS_ARUNA_D_K,Lok Sabha,ARUNA. D. K,ARUNA. D. K,Telangana,MAHABUBNAGAR,
LS_ARUP_CHAKRABORTY,Lok Sabha,ARUP CHAKRABORTY,ARUP CHAKRABORTY,West Bengal,BANKURA,
LS_ARVIND_DHARMAPURI,Lok Sabha,Arvind Dharmapuri,ARVIND DHARMAPURI,Telangana,NIZAMABAD,
LS_ARVIND_GANPAT_SAWANT,Lok Sabha,Arvind Ganpat Sawant,ARVIND GANPAT SAWANT,Maharashtra,MUMBAI SOUTH,
LS_ASADUDDIN_OWAISI,Lok Sabha,Asaduddin Owaisi,ASADUDDIN OWAISI,Telangana,HYDERABAD,
LS_ASHISH_DUBEY,Lok Sabha,ASHISH DUBEY,ASHISH DUBEY,Madhya Pradesh,JABALPUR,
LS_ASHOK_KUMAR_RAWAT,Lok Sabha,Ashok Kumar Rawat,ASHOK KUMAR RAWAT,Uttar Pradesh,MISRIKH(SC),
LS_ASHOK_KUMAR_YADAV,Lok Sabha,Ashok Kumar Yadav,ASHOK KUMAR YADAV,Bihar,MADHUBANI,
LS_ASIT_KUMAR_MAL,Lok Sabha,Asit Kumar Mal,ASIT KUMAR MAL,West Bengal,BOLPUR(SC),
LS_ATUL_GARG,Lok Sabha,ATUL GARG,ATUL GARG,Uttar Pradesh,GHAZIABAD,
LS_AVIMANYU_SETHI,Lok Sabha,AVIMANYU SETHI,AVIMANYU SETHI,Odisha,BHADRAK(SC),
LS_AWADHESH_PRASAD,Lok Sabha,AWADHESH PRASAD,AWADHESH PRASAD,Uttar Pradesh,FAIZABAD,
LS_AZAD_KIRTI_JHA,Lok Sabha,AZAD KIRTI JHA,AZAD KIRTI JHA,West Bengal,BARDHAMAN-DURGAPUR,
LS_B_K_PARTHASARATHI,Lok Sabha,B K PARTHASARATHI,B K PARTHASARATHI,Andhra Pradesh,HINDUPUR,
LS_BABU_SINGH_KUSHWAHA,Lok Sabha,BABU SINGH KUSHWAHA,BABU SINGH KUSHWAHA,Uttar Pradesh,JAUNPUR,
LS_BACHHAV_SHOBHA_DINESH,Lok Sabha,BACHHAV SHOBHA DINESH,BACHHAV SHOBHA DINESH,Maharashtra,DHULE,
LS_BAG_MITALI,Lok Sabha,BAG MITALI,BAG MITALI,West Bengal,ARAMBAG(SC),
LS_BAIJAYANT_PANDA,Lok Sabha,BAIJAYANT PANDA,BAIJAYANT PANDA,Odisha,KENDRAPARA,
LS_BAJRANG_MANOHAR_SONWANE,Lok Sabha,BAJRANG MANOHAR SONWANE,BAJRANG MANOHAR SONWANE,Maharashtra,BEED,
LS_BALABHADRA_MAJHI,Lok Sabha,BALABHADRA MAJHI,BALABHADRA MAJHI,Odisha,NABARANGPUR(ST),
LS_BALASHOWRY_VALLABBHANENI,Lok Sabha,Balashowry Vallabbhaneni,BALASHOWRY VALLABBHANENI,Andhra Pradesh,MACHILIPATNAM,
LS_BALRAM_NAIK_PORIKA,Lok Sabha,BALRAM NAIK PORIKA,BALRAM NAIK PORIKA,Telangana,MAHABUBABAD,
LS_BALWANT_BASWANT_WANKHADE,Lok Sabha,BALWANT BASWANT WANKHADE,BALWANT BASWANT WANKHADE,Maharashtra,AMRAVATI(SC),
LS_BALYA_MAMA_SURESH_GOPINATH_MHATRE,Lok Sabha,BALYA MAMA SURESH GOPINATH MHATRE,BALYA MAMA SURESH GOPINATH MHATRE,Maharashtra,BHIWANDI,
LS_BANSURI_SWARAJ,Lok Sabha,Bansuri Swaraj,BANSURI SWARAJ,Delhi,NEW DELHI,
LS_BAPI_HALDAR,Lok Sabha,BAPI HALDAR,BAPI HALDAR,West Bengal,MATHURAPUR(SC),
LS_BASAVARAJ_BOMMAI,Lok Sabha,BASAVARAJ BOMMAI,BASAVARAJ BOMMAI,Karnataka,HAVERI,
LS_BASTIPATI_NAGARAJU_PANCHALINGALA,Lok Sabha,BASTIPATI NAGARAJU PANCHALINGALA,BASTIPATI NAGARAJU PANCHALINGALA,Andhra Pradesh,KURNOOL,
LS_BHAGIRATH_CHAUDHARY,Lok Sabha,Bhagirath Chaudhary,BHAGIRATH CHAUDHARY,Rajasthan,AJMER,
LS_BHAJAN_LAL_JATAV,Lok Sabha,BHAJAN LAL JATAV,BHAJAN LAL JATAV,Rajasthan,KARAULI-DHOLPUR(SC),
LS_BHARAT_SINGH_KUSHWAH,Lok Sabha,BHARAT SINGH KUSHWAH,BHARAT SINGH KUSHWAH,Madhya Pradesh,GWALIOR,
LS_BHARATBHAI_MANUBHAI_SUTARIYA,Lok Sabha,BHARATBHAI MANUBHAI SUTARIYA,BHARATBHAI MANUBHAI SUTARIYA,Gujarat,AMRELI,
LS_BHARATSINHJI_SHANKARJI_DABHI,Lok Sabha,Bharatsinhji Shankarji Dabhi,BHARATSINHJI SHANKARJI DABHI,Gujarat,PATAN,
LS_BHARTI_PARDHI,Lok Sabha,BHARTI PARDHI,BHARTI PARDHI,Madhya Pradesh,BALAGHAT,
LS_BHASKAR_MURLIDHAR_BHAGARE,Lok Sabha,BHASKAR MURLIDHAR BHAGARE,BHASKAR MURLIDHAR BHAGARE,Maharashtra,DINDORI(ST),
LS_BHAUSAHEB_RAJARAM_WAKCHAURE,Lok Sabha,BHAUSAHEB RAJARAM WAKCHAURE,BHAUSAHEB RAJARAM WAKCHAURE,Maharashtra,SHIRDI(SC),
LS_BHOJRAJ_NAG,Lok Sabha,BHOJRAJ NAG,BHOJRAJ NAG,Chhattisgarh,KANKER(ST),
LS_BHOLA_SINGH,Lok Sabha,Bhola Singh,BHOLA SINGH,Uttar Pradesh,BULANDSHAHR(SC),
LS_BHUMARE_SANDIPANRAO_ASARAM,Lok Sabha,BHUMARE SANDIPANRAO ASARAM,BHUMARE SANDIPANRAO ASARAM,Maharashtra,AURANGABAD_MH,
LS_BHUPATHIRAJU_SRINIVASA_VARMA,Lok Sabha,Bhupathiraju Srinivasa varma,BHUPATHIRAJU SRINIVASA VARMA,Andhra Pradesh,NARASAPURAM,
LS_BHUPENDER_YADAV,Lok Sabha,BHUPENDER YADAV,BHUPENDER YADAV,Rajasthan,ALWAR,
LS_BIBHU_PRASAD_TARAI,Lok Sabha,BIBHU PRASAD TARAI,BIBHU PRASAD TARAI,Odisha,JAGATSINGHPUR(SC),
LS_BIDYUT_BARAN_MAHATO,Lok Sabha,Bidyut Baran Mahato,BIDYUT BARAN MAHATO,Jharkhand,JAMSHEDPUR,
LS_BIJULI_KALITA_MEDHI,Lok Sabha,BIJULI KALITA MEDHI,BIJULI KALITA MEDHI,Assam,GUWAHATI,
LS_BIPLAB_KUMAR_DEB,Lok Sabha,BIPLAB KUMAR DEB,BIPLAB KUMAR DEB,Tripura,TRIPURA WEST,
LS_BISHNU_PADA_RAY,Lok Sabha,BISHNU PADA RAY,BISHNU PADA RAY,Andaman And Nicobar Islands,ANDAMAN AND NICOBAR ISLANDS,
LS_BRIJENDRA_SINGH_OLA,Lok Sabha,BRIJENDRA SINGH OLA,BRIJENDRA SINGH OLA,Rajasthan,JHUNJHUNU,
LS_BRIJMOHAN_AGRAWAL,Lok Sabha,BRIJMOHAN AGRAWAL,BRIJMOHAN AGRAWAL,Chhattisgarh,RAIPUR,
LS_BUNTY_VIVEK_SAHU,Lok Sabha,BUNTY VIVEK SAHU,BUNTY VIVEK SAHU,Madhya Pradesh,CHHINDWARA,
LS_C_R_PATIL,Lok Sabha,C R Patil,C R PATIL,Gujarat,NAVSARI,
LS_C_M_RAMESH,Lok Sabha,C.M.RAMESH,C.M.RAMESH,Andhra Pradesh,ANAKAPALLE,
LS_CAPTAIN_BRIJESH_CHOWTA,Lok Sabha,CAPTAIN BRIJESH CHOWTA,CAPTAIN BRIJESH CHOWTA,Karnataka,DAKSHINA KANNADA,
LS_CAPTAIN_VIRIATO_FERNANDES,Lok Sabha,CAPTAIN VIRIATO FERNANDES,CAPTAIN VIRIATO FERNANDES,Goa,SOUTH GOA,
LS_CHAMALA_KIRAN_KUMAR_REDDY,Lok Sabha,CHAMALA KIRAN KUMAR REDDY,CHAMALA KIRAN KUMAR REDDY,Telangana,BHONGIR,
LS_CHANDAN_CHAUHAN,Lok Sabha,CHANDAN CHAUHAN,CHANDAN CHAUHAN,Uttar Pradesh,BIJNOR,
LS_CHANDRA_PRAKASH_JOSHI,Lok Sabha,Chandra Prakash Joshi,CHANDRA PRAKASH JOSHI,Rajasthan,CHITTORGARH,
LS_CHANDRA_SHEKHAR,Lok Sabha,CHANDRA SHEKHAR,CHANDRA SHEKHAR,Uttar Pradesh,NAGINA(SC),
LS_CHANDUBHAI_CHHAGANBHAI_SHIHORA,Lok Sabha,CHANDUBHAI CHHAGANBHAI SHIHORA,CHANDUBHAI CHHAGANBHAI SHIHORA,Gujarat,SURENDRANAGAR,
LS_CHARANJIT_SINGH_CHANNI,Lok Sabha,CHARANJIT SINGH CHANNI,CHARANJIT SINGH CHANNI,Punjab,JALANDHAR(SC),
LS_CHAVAN_VASANTRAO_BALWANTRAO,Lok Sabha,CHAVAN VASANTRAO BALWANTRAO,CHAVAN VASANTRAO BALWANTRAO,Maharashtra,NANDED,
LS_CHHATRA_PAL_SINGH_GANGWAR,Lok Sabha,CHHATRA PAL SINGH GANGWAR,CHHATRA PAL SINGH GANGWAR,Uttar Pradesh,BAREILLY,
LS_CHHATRAPATI_SHAHU_SHAHAJI,Lok Sabha,CHHATRAPATI SHAHU SHAHAJI,CHHATRAPATI SHAHU SHAHAJI,Maharashtra,KOLHAPUR,
LS_CHHOTELAL,Lok Sabha,CHHOTELAL,CHHOTELAL,Uttar Pradesh,ROBERTSGANJ(SC),
LS_CHINTAMANI_MAHARAJ,Lok Sabha,CHINTAMANI MAHARAJ,CHINTAMANI MAHARAJ,Chhattisgarh,SARGUJA(ST),
LS_CHIRAG_PASWAN,Lok Sabha,CHIRAG PASWAN,CHIRAG PASWAN,Bihar,HAJIPUR(SC),
LS_CN_ANNADURAI,Lok Sabha,CN Annadurai,CN ANNADURAI,Tamil Nadu,TIRUVANNAMALAI,
LS_D_M_KATHIR_ANAND,Lok Sabha,D M Kathir Anand,D M KATHIR ANAND,Tamil Nadu,VELLORE,
LS_D_RAVIKUMAR,Lok Sabha,D Ravikumar,D RAVIKUMAR,Tamil Nadu,VILUPPURAM(SC),
LS_DAGGUBATI_PURANDESHWARI,Lok Sabha,Daggubati Purandeshwari,DAGGUBATI PURANDESHWARI,Andhra Pradesh,RAJAHMUNDRY,
LS_DAGGUMALLA_PRASADA_RAO,Lok Sabha,DAGGUMALLA PRASADA RAO,DAGGUMALLA PRASADA RAO,Andhra Pradesh,CHITTOOR,
LS_DAMODAR_AGARWAL,Lok Sabha,DAMODAR AGARWAL,DAMODAR AGARWAL,Rajasthan,BHILWARA,
LS_DAROGA_PRASAD_SAROJ,Lok Sabha,DAROGA PRASAD SAROJ,DAROGA PRASAD SAROJ,Uttar Pradesh,LALGANJ (SC),
LS_DARSHAN_SINGH_CHOUDHARY,Lok Sabha,DARSHAN SINGH CHOUDHARY,DARSHAN SINGH CHOUDHARY,Madhya Pradesh,HOSHANGABAD,
LS_DEEPENDER_SINGH_HOODA,Lok Sabha,DEEPENDER SINGH HOODA,DEEPENDER SINGH HOODA,Haryana,ROHTAK,
LS_DEVENDRA_ALIAS_BHOLE_SINGH,Lok Sabha,Devendra Alias Bhole Singh,DEVENDRA ALIAS BHOLE SINGH,Uttar Pradesh,AKBARPUR,
LS_DEVESH_CHANDRA_THAKUR,Lok Sabha,DEVESH CHANDRA THAKUR,DEVESH CHANDRA THAKUR,Bihar,SITAMARHI,
LS_DEVESH_SHAKYA,Lok Sabha,DEVESH SHAKYA,DEVESH SHAKYA,Uttar Pradesh,ETAH,
LS_DEVUSINH_JESINGBHAI_CHAUHAN,Lok Sabha,Devusinh Jesingbhai Chauhan,DEVUSINH JESINGBHAI CHAUHAN,Gujarat,KHEDA,
LS_DHAIRYASHEEL_SAMBHAJIRAO_MANE,Lok Sabha,Dhairyasheel Sambhajirao Mane,DHAIRYASHEEL SAMBHAJIRAO MANE,Maharashtra,HATKANANGLE,
LS_DHANORKAR_PRATIBHA_SURESH_ALIAS_BALUBHAU,Lok Sabha,DHANORKAR PRATIBHA SURESH ALIAS BALUBHAU,DHANORKAR PRATIBHA SURESH ALIAS BALUBHAU,Maharashtra,CHANDRAPUR,
LS_DHARMENDRA_PRADHAN,Lok Sabha,DHARMENDRA PRADHAN,DHARMENDRA PRADHAN,Odisha,SAMBALPUR,
LS_DHARMENDRA_YADAV,Lok Sabha,DHARMENDRA YADAV,DHARMENDRA YADAV,Uttar Pradesh,AZAMGARH,
LS_DHAVAL_LAXMANBHAI_PATEL,Lok Sabha,DHAVAL LAXMANBHAI PATEL,DHAVAL LAXMANBHAI PATEL,Gujarat,VALSAD(ST),
LS_DILESHWAR_KAMAIT,Lok Sabha,Dileshwar Kamait,DILESHWAR KAMAIT,Bihar,SUPAUL,
LS_DILIP_SAIKIA,Lok Sabha,Dilip Saikia,DILIP SAIKIA,Assam,Darrang-Udalguri,
LS_DINESH_CHANDRA_YADAV,Lok Sabha,Dinesh Chandra Yadav,DINESH CHANDRA YADAV,Bihar,MADHEPURA,
LS_DINESHBHAI_MAKWANA,Lok Sabha,DINESHBHAI MAKWANA,DINESHBHAI MAKWANA,Gujarat,AHMEDABAD WEST(SC),
LS_BYREDDY_SHABARI,Lok Sabha,DR BYREDDY SHABARI,BYREDDY SHABARI,Andhra Pradesh,NANDYAL,
LS_C_N_MANJUNATH,Lok Sabha,DR C N MANJUNATH,C N MANJUNATH,Karnataka,BANGALORE RURAL,
LS_CHANDRA_SEKHAR_PEMMASANI,Lok Sabha,Dr Chandra Sekhar Pemmasani,CHANDRA SEKHAR PEMMASANI,Andhra Pradesh,GUNTUR,
LS_DHARAMVIRA_GANDHI,Lok Sabha,DR DHARAMVIRA GANDHI,DHARAMVIRA GANDHI,Punjab,PATIALA,
LS_JAYANTA_KUMAR_ROY,Lok Sabha,Dr Jayanta Kumar Roy,JAYANTA KUMAR ROY,West Bengal,JALPAIGURI(SC),
LS_KALGE_SHIVAJI_BANDAPPA,Lok Sabha,DR KALGE SHIVAJI BANDAPPA,KALGE SHIVAJI BANDAPPA,Maharashtra,LATUR(SC),
LS_MOHAMMAD_JAWED,Lok Sabha,Dr Mohammad Jawed,MOHAMMAD JAWED,Bihar,KISHANGANJ,
LS_RAJKUMAR_SANGWAN,Lok Sabha,DR RAJKUMAR SANGWAN,RAJKUMAR SANGWAN,Uttar Pradesh,BAGHPAT,
LS_RANI_SRI_KUMAR,Lok Sabha,DR RANI SRI KUMAR,RANI SRI KUMAR,Tamil Nadu,TENKASI(SC),
LS_SHASHI_THAROOR,Lok Sabha,Dr Shashi Tharoor,SHASHI THAROOR,Kerala,THIRUVANANTHAPURAM,
LS_SUKANTA_MAJUMDAR,Lok Sabha,Dr Sukanta Majumdar,SUKANTA MAJUMDAR,West Bengal,BALURGHAT,
LS_HEMANG_JOSHI,Lok Sabha,DR. HEMANG JOSHI,HEMANG JOSHI,Gujarat,VADODARA,
LS_HEMANT_VISHNU_SAVARA,Lok Sabha,DR. HEMANT VISHNU SAVARA,HEMANT VISHNU SAVARA,Maharashtra,PALGHAR(ST),
LS_KIRSAN_NAMDEO,Lok Sabha,DR. KIRSAN NAMDEO,KIRSAN NAMDEO,Maharashtra,GADCHIROLI-CHIMUR(ST),
LS_LATA_WANKHEDE,Lok Sabha,DR. LATA WANKHEDE,LATA WANKHEDE,Madhya Pradesh,SAGAR,
LS_M_P_ABDUSSAMAD_SAMADANI,Lok Sabha,DR. M.P ABDUSSAMAD SAMADANI,M.P ABDUSSAMAD SAMADANI,Kerala,PONNANI,
LS_MANSUKH_MANDAVIYA,Lok Sabha,DR. MANSUKH MANDAVIYA,MANSUKH MANDAVIYA,Gujarat,PORBANDAR,
LS_PRABHA_MALLIKARJUN,Lok Sabha,DR. PRABHA MALLIKARJUN,PRABHA MALLIKARJUN,Karnataka,DAVANAGERE,
LS_PRADEEP_KUMAR_PANIGRAHY,Lok Sabha,DR. PRADEEP KUMAR PANIGRAHY,PRADEEP KUMAR PANIGRAHY,Odisha,BERHAMPUR,
LS_PRASHANT_YADAORAO_PADOLE,Lok Sabha,DR. PRASHANT YADAORAO PADOLE,PRASHANT YADAORAO PADOLE,Maharashtra,BHANDARA-GONDIYA,
LS_RAJ_KUMAR_CHABBEWAL,Lok Sabha,DR. RAJ KUMAR CHABBEWAL,RAJ KUMAR CHABBEWAL,Punjab,HOSHIARPUR(SC),
LS_RAJESH_MISHRA,Lok Sabha,DR. RAJESH MISHRA,RAJESH MISHRA,Madhya Pradesh,SIDHI,
LS_S_P_SINGH,Lok Sabha,DR. S P SINGH,S P SINGH,Uttar Pradesh,PRATAPGARH,
LS_SHARMILA_SARKAR,Lok Sabha,DR. SHARMILA SARKAR,SHARMILA SARKAR,West Bengal,BARDHAMAN PURBA(SC),
LS_DR_K_SUDHAKAR,Lok Sabha,DR.K.SUDHAKAR,DR.K.SUDHAKAR,Karnataka,CHIKBALLAPUR,
LS_DR_MALLU_RAVI,Lok Sabha,DR.MALLU RAVI,DR.MALLU RAVI,Telangana,NAGARKURNOOL(SC),
LS_DULU_MAHATO,Lok Sabha,DULU MAHATO,DULU MAHATO,Jharkhand,DHANBAD,
LS_DURAI_VAIKO,Lok Sabha,DURAI VAIKO,DURAI VAIKO,Tamil Nadu,TIRUCHIRAPPALLI,
LS_DURGA_DAS_UIKEY,Lok Sabha,Durga Das Uikey,DURGA DAS UIKEY,Madhya Pradesh,BETUL(ST),
LS_DUSHYANT_SINGH,Lok Sabha,Dushyant Singh,DUSHYANT SINGH,Rajasthan,JHALAWAR-BARAN,
LS_E_TUKARAM,Lok Sabha,E. TUKARAM,E. TUKARAM,Karnataka,BELLARY(ST),
LS_E_T_MOHAMMED_BASHEER,Lok Sabha,E.T. MOHAMMED BASHEER,E.T. MOHAMMED BASHEER,Kerala,MALAPPURAM,
LS_EATALA_RAJENDER,Lok Sabha,EATALA RAJENDER,EATALA RAJENDER,Telangana,MALKAJGIRI,
LS_ESWARASAMY_K,Lok Sabha,ESWARASAMY K,ESWARASAMY K,Tamil Nadu,POLLACHI,
LS_FAGGAN_SINGH_KULASTE,Lok Sabha,Faggan Singh Kulaste,FAGGAN SINGH KULASTE,Madhya Pradesh,MANDLA(ST),
LS_G_KUMAR_NAIK,Lok Sabha,G. KUMAR NAIK,G. KUMAR NAIK,Karnataka,RAICHUR(ST),
LS_GAIKWAD_VARSHA_EKNATH,Lok Sabha,GAIKWAD VARSHA EKNATH,GAIKWAD VARSHA EKNATH,Maharashtra,MUMBAI NORTH-CENTRAL,
LS_GAJENDRA_SINGH_PATEL,Lok Sabha,Gajendra Singh Patel,GAJENDRA SINGH PATEL,Madhya Pradesh,KHARGONE(ST),
LS_GAJENDRA_SINGH_SHEKHAWAT,Lok Sabha,Gajendra Singh Shekhawat,GAJENDRA SINGH SHEKHAWAT,Rajasthan,JODHPUR,
LS_GANAPATHY_RAJKUMAR_P,Lok Sabha,GANAPATHY RAJKUMAR P,GANAPATHY RAJKUMAR P,Tamil Nadu,COIMBATORE,
LS_GANESAN_SELVAM,Lok Sabha,Ganesan Selvam,GANESAN SELVAM,Tamil Nadu,KANCHEEPURAM(SC),
LS_GANESH_SINGH,Lok Sabha,Ganesh Singh,GANESH SINGH,Madhya Pradesh,SATNA,
LS_GAURAV_GOGOI,Lok Sabha,GAURAV GOGOI,GAURAV GOGOI,Assam,JORHAT,
LS_GENIBEN_NAGAJI_THAKOR,Lok Sabha,GENIBEN NAGAJI THAKOR,GENIBEN NAGAJI THAKOR,Gujarat,BANASKANTHA,
LS_GIRIDHARI_YADAV,Lok Sabha,Giridhari Yadav,GIRIDHARI YADAV,Bihar,BANKA,
LS_GIRIRAJ_SINGH,Lok Sabha,Giriraj Singh,GIRIRAJ SINGH,Bihar,BEGUSARAI,
LS_GM_HARISH_BALAYOGI,Lok Sabha,GM Harish Balayogi,GM HARISH BALAYOGI,Andhra Pradesh,AMALAPURAM(SC),
LS_GODAM_NAGESH,Lok Sabha,GODAM NAGESH,GODAM NAGESH,Telangana,ADILABAD(ST),
LS_GOPINATH_K,Lok Sabha,GOPINATH K,GOPINATH K,Tamil Nadu,KRISHNAGIRI,
LS_GOVIND_MAKTHAPPA_KARJOL,Lok Sabha,GOVIND MAKTHAPPA KARJOL,GOVIND MAKTHAPPA KARJOL,Karnataka,CHITRADURGA(SC),
LS_GUMMA_THANUJA_RANI,Lok Sabha,Gumma Thanuja Rani,GUMMA THANUJA RANI,Andhra Pradesh,ARAKU(ST),
LS_GURMEET_SINGH_MEET_HAYER,Lok Sabha,GURMEET SINGH MEET HAYER,GURMEET SINGH MEET HAYER,Punjab,SANGRUR,
LS_GYANESHWAR_PATIL,Lok Sabha,Gyaneshwar Patil,GYANESHWAR PATIL,Madhya Pradesh,KHANDWA,
LS_H_D_KUMARASWAMY,Lok Sabha,H.D. KUMARASWAMY,H.D. KUMARASWAMY,Karnataka,MANDYA,
LS_HARENDRA_SINGH_MALIK,Lok Sabha,HARENDRA SINGH MALIK,HARENDRA SINGH MALIK,Uttar Pradesh,MUZAFFARNAGAR,
LS_HARIBHAI_PATEL,Lok Sabha,HARIBHAI PATEL,HARIBHAI PATEL,Gujarat,MAHESANA,
LS_HARISH_CHANDRA_MEENA,Lok Sabha,HARISH CHANDRA MEENA,HARISH CHANDRA MEENA,Rajasthan,TONK-SAWAI MADHOPUR,
LS_HARSH_MALHOTRA,Lok Sabha,Harsh Malhotra,HARSH MALHOTRA,Delhi,EAST DELHI,
LS_HASMUKH_BHAI_SOMA_BHAI_PATEL,Lok Sabha,Hasmukh Bhai Soma Bhai Patel,HASMUKH BHAI SOMA BHAI PATEL,Gujarat,AHMEDABAD EAST,
LS_IMRAN_MASOOD,Lok Sabha,IMRAN MASOOD,IMRAN MASOOD,Uttar Pradesh,SAHARANPUR,
LS_INDRA_HANG_SUBBA,Lok Sabha,Indra Hang Subba,INDRA HANG SUBBA,Sikkim,SIKKIM,
LS_IQRA_CHOUDHARY,Lok Sabha,IQRA CHOUDHARY,IQRA CHOUDHARY,Uttar Pradesh,KAIRANA,
LS_ISHA_KHAN_CHOUDHURY,Lok Sabha,ISHA KHAN CHOUDHURY,ISHA KHAN CHOUDHURY,West Bengal,MALDAHA DAKSHIN,
LS_JAGADISH_CHANDRA_BARMA_BASUNIA,Lok Sabha,JAGADISH CHANDRA BARMA BASUNIA,JAGADISH CHANDRA BARMA BASUNIA,West Bengal,COOCHBEHAR(SC),
LS_JAGADISH_SHETTAR,Lok Sabha,JAGADISH SHETTAR,JAGADISH SHETTAR,Karnataka,BELGAUM,
LS_JAGANNATH_SARKAR,Lok Sabha,Jagannath Sarkar,JAGANNATH SARKAR,West Bengal,RANAGHAT(SC),
LS_JAGDAMBIKA_PAL,Lok Sabha,Jagdambika Pal,JAGDAMBIKA PAL,Uttar Pradesh,DOMARIYAGANJ,
LS_JAI_PARKASH,Lok Sabha,JAI PARKASH,JAI PARKASH,Haryana,HISAR,
LS_JAI_PRAKASH,Lok Sabha,Jai Prakash,JAI PRAKASH,Uttar Pradesh,HARDOI (SC),
LS_JANARDAN_MISHRA,Lok Sabha,Janardan Mishra,JANARDAN MISHRA,Madhya Pradesh,REWA,
LS_JASHUBHAI_BHILUBHAI_RATHVA,Lok Sabha,JASHUBHAI BHILUBHAI RATHVA,JASHUBHAI BHILUBHAI RATHVA,Gujarat,CHHOTA UDAIPUR(ST),
LS_JASWANTSINH_SUMANBHAI_BHABHOR,Lok Sabha,Jaswantsinh Sumanbhai Bhabhor,JASWANTSINH SUMANBHAI BHABHOR,Gujarat,DAHOD(ST),
LS_JITAN_RAM_MANJHI,Lok Sabha,JITAN RAM MANJHI,JITAN RAM MANJHI,Bihar,GAYA (SC),
LS_JITENDRA_KUMAR_DOHARE,Lok Sabha,JITENDRA KUMAR DOHARE,JITENDRA KUMAR DOHARE,Uttar Pradesh,ETAWAH(SC),
LS_JITENDRA_SINGH,Lok Sabha,Jitendra Singh,JITENDRA SINGH,Jammu And Kashmir,UDHAMPUR,
LS_JITIN_PRASADA,Lok Sabha,JITIN PRASADA,JITIN PRASADA,Uttar Pradesh,PILIBHIT,
LS_JOBA_MAJHI,Lok Sabha,JOBA MAJHI,JOBA MAJHI,Jharkhand,SINGHBHUM(ST),
LS_JOYANTA_BASUMATARY,Lok Sabha,JOYANTA BASUMATARY,JOYANTA BASUMATARY,Assam,KOKRAJHAR (ST),
LS_JUNE_MALIAH,Lok Sabha,JUNE MALIAH,JUNE MALIAH,West Bengal,MEDINIPUR,
LS_JYOTIRADITYA_M_SCINDIA,Lok Sabha,JYOTIRADITYA M. SCINDIA,JYOTIRADITYA M. SCINDIA,Madhya Pradesh,GUNA,
LS_JYOTSNA_CHARANDAS_MAHANT,Lok Sabha,Jyotsna Charandas Mahant,JYOTSNA CHARANDAS MAHANT,Chhattisgarh,KORBA,
LS_K_E_PRAKASH,Lok Sabha,K E PRAKASH,K E PRAKASH,Tamil Nadu,ERODE,
LS_K_RADHAKRISHNAN,Lok Sabha,K RADHAKRISHNAN,K RADHAKRISHNAN,Kerala,ALATHUR(SC),
LS_K_SUBBARAYAN,Lok Sabha,K Subbarayan,K SUBBARAYAN,Tamil Nadu,TIRUPPUR,
LS_K_C_VENUGOPAL,Lok Sabha,K. C VENUGOPAL,K. C VENUGOPAL,Kerala,ALAPPUZHA,
LS_K_RAJASHEKAR_BASAVARAJ_HITNAL,Lok Sabha,K. RAJASHEKAR BASAVARAJ HITNAL,K. RAJASHEKAR BASAVARAJ HITNAL,Karnataka,KOPPAL,
LS_KADIYAM_KAVYA,Lok Sabha,KADIYAM KAVYA,KADIYAM KAVYA,Telangana,WARANGEL(SC),
LS_KAKOLI_GHOSH_DASTIDAR,Lok Sabha,Kakoli Ghosh Dastidar,KAKOLI GHOSH DASTIDAR,West Bengal,BARASAT,
LS_KALABEN_MOHANBHAI_DELKAR,Lok Sabha,Kalaben Mohanbhai Delkar,KALABEN MOHANBHAI DELKAR,The Dadra And Nagar Haveli And Daman And Diu,DADRA & NAGAR HAVELI (ST),
LS_KALANIDHI_VEERASWAMY,Lok Sabha,Kalanidhi Veeraswamy,KALANIDHI VEERASWAMY,Tamil Nadu,CHENNAI NORTH,
LS_KALI_CHARAN_MUNDA,Lok Sabha,KALI CHARAN MUNDA,KALI CHARAN MUNDA,Jharkhand,KHUNTI(ST),
LS_KALI_CHARAN_SINGH,Lok Sabha,KALI CHARAN SINGH,KALI CHARAN SINGH,Jharkhand,CHATRA,
LS_KALIPADA_SAREN,Lok Sabha,KALIPADA SAREN,KALIPADA SAREN,West Bengal,JHARGRAM(ST),
LS_KALYAN_BANERJEE,Lok Sabha,Kalyan Banerjee,KALYAN BANERJEE,West Bengal,SREERAMPUR,
LS_KALYAN_VAIJINATHRAO_KALE,Lok Sabha,KALYAN VAIJINATHRAO KALE,KALYAN VAIJINATHRAO KALE,Maharashtra,JALNA,
LS_KAMAKHYA_PRASAD_TASA,Lok Sabha,KAMAKHYA PRASAD TASA,KAMAKHYA PRASAD TASA,Assam,Kaziranga,
LS_KAMALJEET_SEHRAWAT,Lok Sabha,Kamaljeet Sehrawat,KAMALJEET SEHRAWAT,Delhi,WEST DELHI,
LS_KAMLESH_JANGDE,Lok Sabha,KAMLESH JANGDE,KAMLESH JANGDE,Chhattisgarh,JANJGIR CHAMPA(SC),
LS_KAMLESH_PASWAN,Lok Sabha,Kamlesh Paswan,KAMLESH PASWAN,Uttar Pradesh,BANSGAON(SC),
LS_KANGANA_RANAUT,Lok Sabha,Kangana Ranaut,KANGANA RANAUT,Himachal Pradesh,MANDI,
LS_KANI_K_NAVAS,Lok Sabha,Kani K Navas,KANI K NAVAS,Tamil Nadu,RAMANATHAPURAM,
LS_KANIMOZHI_KARUNANIDHI,Lok Sabha,Kanimozhi Karunanidhi,KANIMOZHI KARUNANIDHI,Tamil Nadu,THOOTHUKKUDI,
LS_KANWAR_SINGH_TANWAR,Lok Sabha,KANWAR SINGH TANWAR,KANWAR SINGH TANWAR,Uttar Pradesh,AMROHA,
LS_KARAN_BHUSHAN_SINGH,Lok Sabha,KARAN BHUSHAN SINGH,KARAN BHUSHAN SINGH,Uttar Pradesh,KAISERGANJ,
LS_KARTICK_CHANDRA_PAUL,Lok Sabha,KARTICK CHANDRA PAUL,KARTICK CHANDRA PAUL,West Bengal,RAIGANJ,
LS_KAUSHALENDRA_KUMAR,Lok Sabha,Kaushalendra Kumar,KAUSHALENDRA KUMAR,Bihar,NALANDA,
LS_KHAGEN_MURMU,Lok Sabha,Khagen Murmu,KHAGEN MURMU,West Bengal,MALDAHA UTTAR,
LS_KHALILUR_RAHAMAN,Lok Sabha,Khalilur Rahaman,KHALILUR RAHAMAN,West Bengal,JANGIPUR,
LS_KINJARAPU_RAM_MOHAN_NAIDU,Lok Sabha,Kinjarapu Ram Mohan Naidu,KINJARAPU RAM MOHAN NAIDU,Andhra Pradesh,SRIKAKULAM,
LS_KIREN_RIJIJU,Lok Sabha,Kiren Rijiju,KIREN RIJIJU,Arunachal Pradesh,ARUNACHAL WEST,
LS_KIRTI_VARDHAN_SINGH,Lok Sabha,Kirti Vardhan Singh,KIRTI VARDHAN SINGH,Uttar Pradesh,GONDA,
LS_KISHAN_REDDY_GANGAPURAM,Lok Sabha,Kishan Reddy Gangapuram,KISHAN REDDY GANGAPURAM,Telangana,SECUNDERABAD,
LS_KISHORI_LAL,Lok Sabha,KISHORI LAL,KISHORI LAL,Uttar Pradesh,AMETHI,
LS_KONDA_VISHWESHWAR_REDDY,Lok Sabha,KONDA VISHWESHWAR REDDY,KONDA VISHWESHWAR REDDY,Telangana,CHELVELLA,
LS_KOTA_SRINIVAS_POOJARY,Lok Sabha,KOTA SRINIVAS POOJARY,KOTA SRINIVAS POOJARY,Karnataka,UDUPI CHIKMAGALUR,
LS_KRIPANATH_MALLAH,Lok Sabha,Kripanath Mallah,KRIPANATH MALLAH,Assam,KARIMGANJ (SC),
LS_KRISHAN_PAL_GURJAR,Lok Sabha,Krishan Pal Gurjar,KRISHAN PAL GURJAR,Haryana,FARIDABAD,
LS_KRISHNA_DEVI_SHIVSHANKER_PATEL,Lok Sabha,KRISHNA DEVI SHIVSHANKER PATEL,KRISHNA DEVI SHIVSHANKER PATEL,Uttar Pradesh,BANDA,
LS_KRISHNA_PRASAD_TENNETI,Lok Sabha,Krishna Prasad Tenneti,KRISHNA PRASAD TENNETI,Andhra Pradesh,BAPATLA,
LS_KRITI_DEVI_DEBBARMAN,Lok Sabha,KRITI DEVI DEBBARMAN,KRITI DEVI DEBBARMAN,Tripura,TRIPURA EAST(ST),
LS_KULDEEP_INDORA,Lok Sabha,KULDEEP INDORA,KULDEEP INDORA,Rajasthan,GANGANAGAR(SC),
LS_KUNDURU_RAGHUVEER,Lok Sabha,KUNDURU RAGHUVEER,KUNDURU RAGHUVEER,Telangana,NALGONDA,
LS_LALJI_VERMA,Lok Sabha,LALJI VERMA,LALJI VERMA,Uttar Pradesh,AMBEDKAR NAGAR,
LS_LAVU_SRI_KRISHNA_DEVARAYALU,Lok Sabha,Lavu Sri Krishna Devarayalu,LAVU SRI KRISHNA DEVARAYALU,Andhra Pradesh,NARASARAOPET,
LS_LAXMIKANT_PAPPU_NISHAD,Lok Sabha,LAXMIKANT PAPPU NISHAD,LAXMIKANT PAPPU NISHAD,Uttar Pradesh,SANT KABIR NAGAR,
LS_LOVELY_ANAND,Lok Sabha,LOVELY ANAND,LOVELY ANAND,Bihar,SHEOHAR,
LS_LUMBARAM,Lok Sabha,LUMBARAM,LUMBARAM,Rajasthan,JALORE,
LS_M_MALLESH_BABU,Lok Sabha,M. MALLESH BABU,M. MALLESH BABU,Karnataka,KOLAR(SC),
LS_M_K_VISHNUPRASAD,Lok Sabha,M.K. VISHNUPRASAD,M.K. VISHNUPRASAD,Tamil Nadu,CUDDALORE,
LS_MADDILA_GURUMOORTHY,Lok Sabha,Maddila Gurumoorthy,MADDILA GURUMOORTHY,Andhra Pradesh,TIRUPATI(SC),
LS_MADHAVANENI_RAGHUNANDAN_RAO,Lok Sabha,MADHAVANENI RAGHUNANDAN RAO,MADHAVANENI RAGHUNANDAN RAO,Telangana,MEDAK,
LS_MAGUNTA_SREENIVASULU_REDDY,Lok Sabha,Magunta Sreenivasulu Reddy,MAGUNTA SREENIVASULU REDDY,Andhra Pradesh,ONGOLE,
LS_MAHENDRA_SINGH_SOLANKY,Lok Sabha,Mahendra Singh Solanky,MAHENDRA SINGH SOLANKY,Madhya Pradesh,DEWAS(SC),
LS_MAHESH_KASHYAP,Lok Sabha,MAHESH KASHYAP,MAHESH KASHYAP,Chhattisgarh,BASTAR(ST),
LS_MAHESH_SHARMA,Lok Sabha,Mahesh Sharma,MAHESH SHARMA,Uttar Pradesh,GAUTAM BUDDHA NAGAR,
LS_MAHIMA_KUMARI_MEWAR,Lok Sabha,MAHIMA KUMARI MEWAR,MAHIMA KUMARI MEWAR,Rajasthan,RAJSAMAND,
LS_MALA_RAJYA_LAXMI_SHAH,Lok Sabha,Mala Rajya Laxmi Shah,MALA RAJYA LAXMI SHAH,Uttarakhand,TEHRI GARHWAL,
LS_MALA_ROY,Lok Sabha,Mala Roy,MALA ROY,West Bengal,KOLKATA DAKSHIN,
LS_MALAIYARASAN_D,Lok Sabha,MALAIYARASAN D,MALAIYARASAN D,Tamil Nadu,KALLAKURICHI,
LS_MALVIKA_DEVI,Lok Sabha,MALVIKA DEVI,MALVIKA DEVI,Odisha,KALAHANDI,
LS_MALVINDER_SINGH_KANG,Lok Sabha,MALVINDER SINGH KANG,MALVINDER SINGH KANG,Punjab,ANANDPUR SAHIB,
LS_MANI_A,Lok Sabha,MANI. A.,MANI. A.,Tamil Nadu,DHARAMAPURI,
LS_MANICKAM_TAGORE_B,Lok Sabha,Manickam Tagore B,MANICKAM TAGORE B,Tamil Nadu,VIRUDHUNAGAR,
LS_MANISH_JAISWAL,Lok Sabha,MANISH JAISWAL,MANISH JAISWAL,Jharkhand,HAZARIBAGH,
LS_MANISH_TEWARI,Lok Sabha,MANISH TEWARI,MANISH TEWARI,Chandigarh,CHANDIGARH,
LS_MANJU_SHARMA,Lok Sabha,MANJU SHARMA,MANJU SHARMA,Rajasthan,JAIPUR,
LS_MANNA_LAL_RAWAT,Lok Sabha,MANNA LAL RAWAT,MANNA LAL RAWAT,Rajasthan,UDAIPUR(ST),
LS_MANOHAR_LAL,Lok Sabha,MANOHAR LAL,MANOHAR LAL,Haryana,KARNAL,
LS_MANOJ_KUMAR,Lok Sabha,MANOJ KUMAR,MANOJ KUMAR,Bihar,SASARAM(SC),
LS_MANOJ_TIGGA,Lok Sabha,MANOJ TIGGA,MANOJ TIGGA,West Bengal,ALIPURDUARS(ST),
LS_MANOJ_TIWARI,Lok Sabha,Manoj Tiwari,MANOJ TIWARI,Delhi,NORTH EAST DELHI,
LS_MANSUKHBHAI_DHANJIBHAI_VASAVA,Lok Sabha,Mansukhbhai Dhanjibhai Vasava,MANSUKHBHAI DHANJIBHAI VASAVA,Gujarat,BHARUCH,
LS_MIAN_ALTAF_AHMAD,Lok Sabha,MIAN ALTAF AHMAD,MIAN ALTAF AHMAD,Jammu And Kashmir,ANANTNAG,
LS_MIDHUN_REDDY,Lok Sabha,Midhun Reddy,MIDHUN REDDY,Andhra Pradesh,RAJAMPET,
LS_MISHA_BHARTI,Lok Sabha,MISHA BHARTI,MISHA BHARTI,Bihar,PATALIPUTRA,
LS_MITESH_RAMESHBHAI_BAKABHAI_PATEL,Lok Sabha,Mitesh Rameshbhai Bakabhai Patel,MITESH RAMESHBHAI BAKABHAI PATEL,Gujarat,ANAND,
LS_MOHAMED_HANEEFA,Lok Sabha,Mohamed Haneefa,MOHAMED HANEEFA,Ladakh,LADAKH,
LS_MOHIBBULLAH,Lok Sabha,MOHIBBULLAH,MOHIBBULLAH,Uttar Pradesh,RAMPUR,
LS_MOHITE_PATIL_DHAIRYASHEEL_RAJSINH,Lok Sabha,MOHITE PATIL DHAIRYASHEEL RAJSINH,MOHITE PATIL DHAIRYASHEEL RAJSINH,Maharashtra,MADHA,
LS_MR_GOPAL_JEE_THAKUR,Lok Sabha,Mr Gopal Jee Thakur,MR GOPAL JEE THAKUR,Bihar,DARBHANGA,
LS_MS_MAHUA_MOITRA,Lok Sabha,Ms Mahua Moitra,MS MAHUA MOITRA,West Bengal,KRISHNANAGAR,
LS_MUHAMMED_HAMDULLAH_SAYEED,Lok Sabha,MUHAMMED HAMDULLAH SAYEED,MUHAMMED HAMDULLAH SAYEED,Lakshadweep,LAKSHADWEEP(ST),
LS_MUKESH_RAJPUT,Lok Sabha,Mukesh Rajput,MUKESH RAJPUT,Uttar Pradesh,FARRUKHABAD,
LS_MUKESHKUMAR_CHANDRAKAANT_DALAL,Lok Sabha,MUKESHKUMAR CHANDRAKAANT DALAL,MUKESHKUMAR CHANDRAKAANT DALAL,Gujarat,SURAT,
LS_MURARI_LAL_MEENA,Lok Sabha,MURARI LAL MEENA,MURARI LAL MEENA,Rajasthan,DAUSA(ST),
LS_MURASOLI_S,Lok Sabha,MURASOLI S,MURASOLI S,Tamil Nadu,THANJAVUR,
LS_MURLIDHAR_MOHOL,Lok Sabha,MURLIDHAR MOHOL,MURLIDHAR MOHOL,Maharashtra,PUNE,
LS_NABA_CHARAN_MAJHI,Lok Sabha,NABA CHARAN MAJHI,NABA CHARAN MAJHI,Odisha,MAYURBHANJ (ST),
LS_NALIN_SOREN,Lok Sabha,NALIN SOREN,NALIN SOREN,Jharkhand,DUMKA(ST),
LS_NARAYAN_DAS_AHIRWAR,Lok Sabha,NARAYAN DAS AHIRWAR,NARAYAN DAS AHIRWAR,Uttar Pradesh,JALAUN(SC),
LS_NARAYAN_TATU_RANE,Lok Sabha,NARAYAN TATU RANE,NARAYAN TATU RANE,Maharashtra,RATNAGIRI-SINDHUDURG,
LS_NARESH_CHANDRA_UTTAM_PATEL,Lok Sabha,NARESH CHANDRA UTTAM PATEL,NARESH CHANDRA UTTAM PATEL,Uttar Pradesh,FATEHPUR,
LS_NARESH_GANPAT_MHASKE,Lok Sabha,NARESH GANPAT MHASKE,NARESH GANPAT MHASKE,Maharashtra,THANE,
LS_NAVEEN_JINDAL,Lok Sabha,NAVEEN JINDAL,NAVEEN JINDAL,Haryana,KURUKSHETRA,
LS_NEERAJ_MAURYA,Lok Sabha,NEERAJ MAURYA,NEERAJ MAURYA,Uttar Pradesh,AONLA,
LS_NILESH_DNYANDEV_LANKE,Lok Sabha,NILESH DNYANDEV LANKE,NILESH DNYANDEV LANKE,Maharashtra,AHMEDNAGAR,
LS_NIMUBEN_JAYANTIBHAI_BAMBHANIYA,Lok Sabha,NIMUBEN JAYANTIBHAI BAMBHANIYA,NIMUBEN JAYANTIBHAI BAMBHANIYA,Gujarat,BHAVNAGAR,
LS_NISHIKANT_DUBEY,Lok Sabha,Nishikant Dubey,NISHIKANT DUBEY,Jharkhand,GODDA,
LS_NITIN_JAIRAM_GADKARI,Lok Sabha,Nitin Jairam Gadkari,NITIN JAIRAM GADKARI,Maharashtra,NAGPUR,
LS_NITYANAND_RAI,Lok Sabha,Nityanand Rai,NITYANAND RAI,Bihar,UJJARPUR,
LS_OM_BIRLA,Lok Sabha,Om Birla,OM BIRLA,Rajasthan,KOTA,
LS_OMPRAKASH_BHUPALSINH_ALIAS_PAWAN_RAJENIMBALKAR,Lok Sabha,Omprakash Bhupalsinh Alias Pawan Rajenimbalkar,OMPRAKASH BHUPALSINH ALIAS PAWAN RAJENIMBALKAR,Maharashtra,OSMANABAD,
LS_P_C_MOHAN,Lok Sabha,P C Mohan,P C MOHAN,Karnataka,BANGALORE CENTRAL,
LS_PANKAJ_CHOWDHARY,Lok Sabha,Pankaj Chowdhary,PANKAJ CHOWDHARY,Uttar Pradesh,MAHARAJGANJ_UP,
LS_PARIMAL_SUKLABAIDYA,Lok Sabha,PARIMAL SUKLABAIDYA,PARIMAL SUKLABAIDYA,Assam,SILCHAR,
LS_PARSHOTTAMBHAI_RUPALA,Lok Sabha,PARSHOTTAMBHAI RUPALA,PARSHOTTAMBHAI RUPALA,Gujarat,RAJKOT,
LS_PARTHA_BHOWMICK,Lok Sabha,PARTHA BHOWMICK,PARTHA BHOWMICK,West Bengal,BARRACKPUR,
LS_PARVATAGOUDA_CHANDANAGOUDA_GADDIGOUDAR,Lok Sabha,Parvatagouda Chandanagouda Gaddigoudar,PARVATAGOUDA CHANDANAGOUDA GADDIGOUDAR,Karnataka,BAGALKOT,
LS_PATEL_UMESHBHAI_BABUBHAI,Lok Sabha,PATEL UMESHBHAI BABUBHAI,PATEL UMESHBHAI BABUBHAI,The Dadra And Nagar Haveli And Daman And Diu,DAMAN and DIU,
LS_PATHAN_YUSUF,Lok Sabha,PATHAN YUSUF,PATHAN YUSUF,West Bengal,BAHARAMPUR,
LS_PHANI_BHUSAN_CHOUDHURY,Lok Sabha,PHANI BHUSAN CHOUDHURY,PHANI BHUSAN CHOUDHURY,Assam,BARPETA,
LS_PIYUSH_VEDPRAKASH_GOYAL,Lok Sabha,Piyush Vedprakash Goyal,PIYUSH VEDPRAKASH GOYAL,Maharashtra,MUMBAI NORTH,
LS_PRABHAKAR_REDDY_VEMIREDDY,Lok Sabha,PRABHAKAR REDDY VEMIREDDY,PRABHAKAR REDDY VEMIREDDY,Andhra Pradesh,NELLORE(SC),
LS_PRABHUBHAI_NAGARBHAI_VASAVA,Lok Sabha,Prabhubhai Nagarbhai Vasava,PRABHUBHAI NAGARBHAI VASAVA,Gujarat,BARDOLI(ST),
LS_PRADAN_BARUAH,Lok Sabha,Pradan Baruah,PRADAN BARUAH,Assam,LAKHIMPUR,
LS_PRADEEP_KUMAR_SINGH,Lok Sabha,Pradeep Kumar Singh,PRADEEP KUMAR SINGH,Bihar,ARARIA,
LS_PRADEEP_PUROHIT,Lok Sabha,PRADEEP PUROHIT,PRADEEP PUROHIT,Odisha,BARGARH,
LS_PRADYUT_BORDOLOI,Lok Sabha,Pradyut Bordoloi,PRADYUT BORDOLOI,Assam,NOWGONG,
LS_PRALHAD_VENKATESH_JOSHI,Lok Sabha,Pralhad Venkatesh Joshi,PRALHAD VENKATESH JOSHI,Karnataka,DHARWAD,
LS_PRANITI_SUSHILKUMAR_SHINDE,Lok Sabha,PRANITI SUSHILKUMAR SHINDE,PRANITI SUSHILKUMAR SHINDE,Maharashtra,SOLAPUR(SC),
LS_PRASUN_BANERJEE,Lok Sabha,Prasun Banerjee,PRASUN BANERJEE,West Bengal,HOWRAH,
LS_PRATAP_CHANDRA_SARANGI,Lok Sabha,Pratap Chandra Sarangi,PRATAP CHANDRA SARANGI,Odisha,BALASORE,
LS_PRATAPRAO_JADHAV,Lok Sabha,Prataprao Jadhav,PRATAPRAO JADHAV,Maharashtra,BULDHANA,
LS_PRATIMA_MONDAL,Lok Sabha,Pratima Mondal,PRATIMA MONDAL,West Bengal,JOYNAGAR(SC),
LS_PRAVEEN_KHANDELWAL,Lok Sabha,Praveen Khandelwal,PRAVEEN KHANDELWAL,Delhi,CHANDINI CHOWK,
LS_PRAVEEN_PATEL,Lok Sabha,PRAVEEN PATEL,PRAVEEN PATEL,Uttar Pradesh,PHULPUR,
LS_PRIYA_SAROJ,Lok Sabha,PRIYA SAROJ,PRIYA SAROJ,Uttar Pradesh,MACHHLISHAHR(SC),
LS_PRIYANKA_GANDHI_VADRA,Lok Sabha,Priyanka Gandhi Vadra,PRIYANKA GANDHI VADRA,Kerala,WAYANAD,
LS_PRIYANKA_SATISH_JARKIHOLI,Lok Sabha,PRIYANKA SATISH JARKIHOLI,PRIYANKA SATISH JARKIHOLI,Karnataka,CHIKKODI,
LS_SOUGATA_RAY,Lok Sabha,Prof Sougata Ray,SOUGATA RAY,West Bengal,DUM DUM,
LS_SP_SINGH_BAGHEL,Lok Sabha,Prof SP Singh Baghel,SP SINGH BAGHEL,Uttar Pradesh,AGRA(SC),
LS_PUSHPENDRA_SAROJ,Lok Sabha,PUSHPENDRA SAROJ,PUSHPENDRA SAROJ,Uttar Pradesh,KAUSHAMBI(SC),
LS_PUTTA_MAHESH_KUMAR,Lok Sabha,Putta Mahesh Kumar,PUTTA MAHESH KUMAR,Andhra Pradesh,ELURU,
LS_R_K_CHAUDHARY,Lok Sabha,R.K. CHAUDHARY,R.K. CHAUDHARY,Uttar Pradesh,MOHANLALGANJ(SC),
LS_RABINDRA_NARAYAN_BEHERA,Lok Sabha,RABINDRA NARAYAN BEHERA,RABINDRA NARAYAN BEHERA,Odisha,JAJPUR(SC),
LS_RACHNA_BANERJEE,Lok Sabha,RACHNA BANERJEE,RACHNA BANERJEE,West Bengal,HOOGHLY,
LS_RADHA_MOHAN_SINGH,Lok Sabha,Radha Mohan Singh,RADHA MOHAN SINGH,Bihar,PURVI CHAMPARAN,
LS_RADHAKRISHNA,Lok Sabha,RADHAKRISHNA,RADHAKRISHNA,Karnataka,GULBARGA(SC),
LS_RADHE_SHYAM_RATHIYA,Lok Sabha,RADHE SHYAM RATHIYA,RADHE SHYAM RATHIYA,Chhattisgarh,RAIGARH(ST),
LS_RAHUL_GANDHI,Lok Sabha,RAHUL GANDHI,RAHUL GANDHI,Uttar Pradesh,RAE BARELI,
LS_RAHUL_KASWAN,Lok Sabha,Rahul Kaswan,RAHUL KASWAN,Rajasthan,CHURU,
LS_RAHUL_SINGH_LODHI,Lok Sabha,RAHUL SINGH LODHI,RAHUL SINGH LODHI,Madhya Pradesh,DAMOH,
LS_RAJ_BHUSHAN_CHOUDHARY,Lok Sabha,RAJ BHUSHAN CHOUDHARY,RAJ BHUSHAN CHOUDHARY,Bihar,MUZAFFARPUR,
LS_RAJ_KUMAR_ROAT,Lok Sabha,RAJ KUMAR ROAT,RAJ KUMAR ROAT,Rajasthan,BANSWARA(ST),
LS_RAJA_RAM_SINGH,Lok Sabha,RAJA RAM SINGH,RAJA RAM SINGH,Bihar,KARAKAT,
LS_RAJABHAU,Lok Sabha,RAJABHAU,RAJABHAU,Maharashtra,NASHIK,
LS_RAJEEV_BHARDWAJ,Lok Sabha,RAJEEV BHARDWAJ,RAJEEV BHARDWAJ,Himachal Pradesh,KANGRA,
LS_RAJEEV_RAI,Lok Sabha,RAJEEV RAI,RAJEEV RAI,Uttar Pradesh,GHOSI,
LS_RAJESH_RANJAN_ALIAS_PAPPU_YADAV,Lok Sabha,RAJESH RANJAN ALIAS PAPPU YADAV,RAJESH RANJAN ALIAS PAPPU YADAV,Bihar,PURNEA,
LS_RAJESH_VERMA,Lok Sabha,RAJESH VERMA,RAJESH VERMA,Bihar,KHAGARIA,
LS_RAJESHBHAI_NARANBHAI_CHUDASAMA,Lok Sabha,Rajeshbhai Naranbhai Chudasama,RAJESHBHAI NARANBHAI CHUDASAMA,Gujarat,JUNAGADH,
LS_RAJIV_PRATAP_RUDY,Lok Sabha,Rajiv Pratap Rudy,RAJIV PRATAP RUDY,Bihar,SARAN,
LS_RAJIV_RANJAN_LALAN_SINGH,Lok Sabha,Rajiv Ranjan (Lalan) Singh,RAJIV RANJAN (LALAN) SINGH,Bihar,MUNGER,
LS_RAJKUMAR_CHAHAR,Lok Sabha,Rajkumar Chahar,RAJKUMAR CHAHAR,Uttar Pradesh,FATEHPUR SIKRI,
LS_RAJNATH_SINGH,Lok Sabha,Rajnath Singh,RAJNATH SINGH,Uttar Pradesh,LUCKNOW,
LS_RAJPALSINH_MAHENDRASINH_JADAV,Lok Sabha,RAJPALSINH MAHENDRASINH JADAV,RAJPALSINH MAHENDRASINH JADAV,Gujarat,PANCHMAHAL,
LS_RAJU_BISTA,Lok Sabha,Raju Bista,RAJU BISTA,West Bengal,DARJEELING,
LS_RAKESH_RATHOR,Lok Sabha,RAKESH RATHOR,RAKESH RATHOR,Uttar Pradesh,SITAPUR,
LS_RAKIBUL_HUSSAIN,Lok Sabha,RAKIBUL HUSSAIN,RAKIBUL HUSSAIN,Assam,DHUBRI,
LS_RAM_PRASAD_CHAUDHARY,Lok Sabha,RAM PRASAD CHAUDHARY,RAM PRASAD CHAUDHARY,Uttar Pradesh,BASTI,
LS_RAM_SHIROMANI,Lok Sabha,Ram Shiromani,RAM SHIROMANI,Uttar Pradesh,SHRAWASTI,
LS_RAMASAHAYAM_RAGHURAM_REDDY,Lok Sabha,RAMASAHAYAM RAGHURAM REDDY,RAMASAHAYAM RAGHURAM REDDY,Telangana,KHAMMAM,
LS_RAMASHANKAR_RAJBHAR,Lok Sabha,RAMASHANKAR RAJBHAR,RAMASHANKAR RAJBHAR,Uttar Pradesh,SALEMPUR,
LS_RAMBHUAL_NISHAD,Lok Sabha,RAMBHUAL NISHAD,RAMBHUAL NISHAD,Uttar Pradesh,SULTANPUR,
LS_RAMESH_AWASTHI,Lok Sabha,RAMESH AWASTHI,RAMESH AWASTHI,Uttar Pradesh,KANPUR,
LS_RAMESH_CHANDAPPA_JIGAJINAGI,Lok Sabha,Ramesh Chandappa Jigajinagi,RAMESH CHANDAPPA JIGAJINAGI,Karnataka,BIJAPUR(SC),
LS_RAMPRIT_MANDAL,Lok Sabha,Ramprit Mandal,RAMPRIT MANDAL,Bihar,JHANJHARPUR,
LS_RAMVIR_SINGH_BIDHURI,Lok Sabha,Ramvir Singh Bidhuri,RAMVIR SINGH BIDHURI,Delhi,SOUTH DELHI,
LS_RANJIT_DUTTA,Lok Sabha,RANJIT DUTTA,RANJIT DUTTA,Assam,Sonitpur,
LS_RAO_INDERJIT_SINGH,Lok Sabha,Rao Inderjit Singh,RAO INDERJIT SINGH,Haryana,GURGAON,
LS_RAO_RAJENDRA_SINGH,Lok Sabha,Rao Rajendra Singh,RAO RAJENDRA SINGH,Rajasthan,JAIPUR RURAL,
LS_RAVI_SHANKAR_PRASAD,Lok Sabha,Ravi Shankar Prasad,RAVI SHANKAR PRASAD,Bihar,PATNA SAHIB,
LS_RAVINDRA_DATTARAM_WAIKAR,Lok Sabha,RAVINDRA DATTARAM WAIKAR,RAVINDRA DATTARAM WAIKAR,Maharashtra,MUMBAI NORTH WEST,
LS_RAVINDRA_SHYAMNARAYAN_ALIAS_RAVI_KISHAN_SHUKLA,Lok Sabha,Ravindra Shyamnarayan Alias Ravi Kishan Shukla,RAVINDRA SHYAMNARAYAN ALIAS RAVI KISHAN SHUKLA,Uttar Pradesh,GORAKHPUR,
LS_RAVINDRA_VASANTRAO_CHAVAN,Lok Sabha,Ravindra Vasantrao Chavan,RAVINDRA VASANTRAO CHAVAN,Maharashtra,NANDED,
LS_RICHARD_VANLALHMANGAIHA,Lok Sabha,RICHARD VANLALHMANGAIHA,RICHARD VANLALHMANGAIHA,Mizoram,MIZORAM (ST),
LS_ROBERT_BRUCE_C,Lok Sabha,ROBERT BRUCE C,ROBERT BRUCE C,Tamil Nadu,TIRUNELVELI,
LS_RODMAL_NAGAR,Lok Sabha,Rodmal Nagar,RODMAL NAGAR,Madhya Pradesh,RAJGARH,
LS_ROOP_KUMARI_CHOUDHARY,Lok Sabha,ROOP KUMARI CHOUDHARY,ROOP KUMARI CHOUDHARY,Chhattisgarh,MAHASAMUND,
LS_RUCHI_VIRA,Lok Sabha,RUCHI VIRA,RUCHI VIRA,Uttar Pradesh,MORADABAD,
LS_RUDRA_NARAYAN_PANY,Lok Sabha,RUDRA NARAYAN PANY,RUDRA NARAYAN PANY,Odisha,DHENKANAL,
LS_S_SUPONGMEREN_JAMIR,Lok Sabha,S SUPONGMEREN JAMIR,S SUPONGMEREN JAMIR,Nagaland,NAGALAND,
LS_S_VENKATESAN,Lok Sabha,S Venkatesan,S VENKATESAN,Tamil Nadu,MADURAI,
LS_S_JAGATHRAKSHAKAN,Lok Sabha,S. Jagathrakshakan,S. JAGATHRAKSHAKAN,Tamil Nadu,ARAKKONAM,
LS_SACHITHANANTHAM_R,Lok Sabha,SACHITHANANTHAM R,SACHITHANANTHAM R,Tamil Nadu,DINDIGUL,
LS_SAGAR_ESHWAR_KHANDRE,Lok Sabha,SAGAR ESHWAR KHANDRE,SAGAR ESHWAR KHANDRE,Karnataka,BIDAR,
LS_SALENG_A_SANGMA,Lok Sabha,SALENG A SANGMA,SALENG A SANGMA,Meghalaya,TURA,
LS_SAMBIT_PATRA,Lok Sabha,SAMBIT PATRA,SAMBIT PATRA,Odisha,PURI,
LS_SANATAN_PANDEY,Lok Sabha,SANATAN PANDEY,SANATAN PANDEY,Uttar Pradesh,BALLIA,
LS_SANJAY_DINA_PATIL,Lok Sabha,SANJAY DINA PATIL,SANJAY DINA PATIL,Maharashtra,MUMBAI NORTH EAST,
LS_SANJAY_HARIBHAU_JADHAV,Lok Sabha,Sanjay Haribhau Jadhav,SANJAY HARIBHAU JADHAV,Maharashtra,PARBHANI,
LS_SANJAY_JAISWAL,Lok Sabha,Sanjay Jaiswal,SANJAY JAISWAL,Bihar,PASCHIM CHAMPARAN,
LS_SANJAY_KUMAR_BANDI,Lok Sabha,Sanjay Kumar Bandi,SANJAY KUMAR BANDI,Telangana,KARIMNAGAR,
LS_SANJAY_SETH,Lok Sabha,Sanjay Seth,SANJAY SETH,Jharkhand,RANCHI,
LS_SANJAY_UTTAMRAO_DESHMUKH,Lok Sabha,Sanjay Uttamrao Deshmukh,SANJAY UTTAMRAO DESHMUKH,Maharashtra,YAVATMAL-WASHIM,
LS_SANJNA_JATAV,Lok Sabha,SANJNA JATAV,SANJNA JATAV,Rajasthan,BHARATPUR(SC),
LS_SANTOSH_PANDEY,Lok Sabha,Santosh Pandey,SANTOSH PANDEY,Chhattisgarh,RAJNANDGAON,
LS_SAPTAGIRI_SANKAR_ULAKA,Lok Sabha,Saptagiri Sankar Ulaka,SAPTAGIRI SANKAR ULAKA,Odisha,KORAPUT(ST),
LS_SARABJEET_SINGH_KHALSA,Lok Sabha,SARABJEET SINGH KHALSA,SARABJEET SINGH KHALSA,Punjab,FARIDKOT(SC),
LS_SASIKANTH_SENTHIL,Lok Sabha,Sasikanth Senthil,SASIKANTH SENTHIL,Tamil Nadu,TIRUVALLUR(SC),
LS_SATPAL_BRAHAMCHARI,Lok Sabha,SATPAL BRAHAMCHARI,SATPAL BRAHAMCHARI,Haryana,SONEPAT,
LS_SAUMITRA_KHAN,Lok Sabha,Saumitra khan,SAUMITRA KHAN,West Bengal,BISHNUPUR(SC),
LS_SAVITRI_THAKUR,Lok Sabha,SAVITRI THAKUR,SAVITRI THAKUR,Madhya Pradesh,DHAR(ST),
LS_SAYANI_GHOSH,Lok Sabha,SAYANI GHOSH,SAYANI GHOSH,West Bengal,JADAVPUR,
LS_SELJA,Lok Sabha,SELJA,SELJA,Haryana,SIRSA(SC),
LS_SELVAGANAPATHI_T_M,Lok Sabha,SELVAGANAPATHI T M,SELVAGANAPATHI T M,Tamil Nadu,SALEM,
LS_SELVARAJ_V,Lok Sabha,SELVARAJ V,SELVARAJ V,Tamil Nadu,NAGAPATTINAM(SC),
LS_SHAFI_PARAMBIL,Lok Sabha,SHAFI PARAMBIL,SHAFI PARAMBIL,Kerala,VADAKARA,
LS_SHAMBHAVI,Lok Sabha,SHAMBHAVI,SHAMBHAVI,Bihar,SAMASTIPUR(SC),
LS_SHANKAR_LALWANI,Lok Sabha,Shankar Lalwani,SHANKAR LALWANI,Madhya Pradesh,INDORE,
LS_SHASHANK_MANI,Lok Sabha,SHASHANK MANI,SHASHANK MANI,Uttar Pradesh,DEORIA,
LS_SHATRUGHAN_SINHA,Lok Sabha,Shatrughan Sinha,SHATRUGHAN SINHA,West Bengal,ASANSOL,
LS_SHER_SINGH_GHUBAYA,Lok Sabha,SHER SINGH GHUBAYA,SHER SINGH GHUBAYA,Punjab,FIROZPUR,
LS_SHIVMANGAL_SINGH_TOMAR,Lok Sabha,SHIVMANGAL SINGH TOMAR,SHIVMANGAL SINGH TOMAR,Madhya Pradesh,MORENA,
LS_SHIVRAJ_SINGH_CHOUHAN,Lok Sabha,SHIVRAJ SINGH CHOUHAN,SHIVRAJ SINGH CHOUHAN,Madhya Pradesh,VIDISHA,
LS_SHOBHA_KARANDLAJE,Lok Sabha,SHOBHA KARANDLAJE,SHOBHA KARANDLAJE,Karnataka,BANGALORE NORTH,
LS_SHOBHANABEN_MAHENDRASINH_BARAIYA,Lok Sabha,SHOBHANABEN MAHENDRASINH BARAIYA,SHOBHANABEN MAHENDRASINH BARAIYA,Gujarat,SABARKANTHA,
LS_SHREYAS_M_PATEL,Lok Sabha,SHREYAS. M. PATEL,SHREYAS. M. PATEL,Karnataka,HASSAN,
LS_DHARAMBIR_SINGH,Lok Sabha,Shri  Dharambir Singh,DHARAMBIR SINGH,Haryana,BHIWANI MAHENDRAGARH,
LS_ABHISHEK_BANERJEE,Lok Sabha,Shri Abhishek Banerjee,ABHISHEK BANERJEE,West Bengal,DIAMOND HARBOUR,
LS_AMAR_SINGH,Lok Sabha,Shri Amar Singh,AMAR SINGH,Punjab,FATEHGARH SAHIB(SC),
LS_AMIT_SHAH,Lok Sabha,Shri Amit Shah,AMIT SHAH,Gujarat,GANDHINAGAR,
LS_ANIL_FIROJIYA,Lok Sabha,Shri Anil Firojiya,ANIL FIROJIYA,Madhya Pradesh,UJJAIN(SC),
LS_ARJUN_RAM_MEGHWAL,Lok Sabha,Shri Arjun Ram Meghwal,ARJUN RAM MEGHWAL,Rajasthan,BIKANER(SC),
LS_ARUN_KUMAR_SAGAR,Lok Sabha,Shri Arun Kumar Sagar,ARUN KUMAR SAGAR,Uttar Pradesh,SHAHJAHANPUR(SC),
LS_B_Y_RAGHAVENDRA,Lok Sabha,Shri B Y Raghavendra,B Y RAGHAVENDRA,Karnataka,SHIMOGA,
LS_BENNY_BEHANAN,Lok Sabha,Shri Benny Behanan,BENNY BEHANAN,Kerala,CHALAKUDY,
LS_BHARTRUHARI_MAHTAB,Lok Sabha,Shri Bhartruhari Mahtab,BHARTRUHARI MAHTAB,Odisha,CUTTACK,
LS_CHANDRA_PRAKASH_CHOUDHARY,Lok Sabha,Shri Chandra Prakash Choudhary,CHANDRA PRAKASH CHOUDHARY,Jharkhand,GIRIDIH,
LS_DEEPAK_DEV_ADHIKARI,Lok Sabha,Shri Deepak (Dev) Adhikari,DEEPAK (DEV) ADHIKARI,West Bengal,GHATAL,
LS_GURJEET_SINGH_AUJLA,Lok Sabha,Shri Gurjeet Singh Aujla,GURJEET SINGH AUJLA,Punjab,AMRITSAR,
LS_HANUMAN_BENIWAL,Lok Sabha,Shri Hanuman Beniwal,HANUMAN BENIWAL,Rajasthan,NAGAUR,
LS_HIBI_EDEN,Lok Sabha,Shri Hibi Eden,HIBI EDEN,Kerala,ERNAKULAM,
LS_JANARDAN_SINGH_SIGRIWAL,Lok Sabha,Shri Janardan Singh Sigriwal,JANARDAN SINGH SIGRIWAL,Bihar,MAHARAJGANJ_BR,
LS_JUAL_ORAM,Lok Sabha,Shri Jual Oram,JUAL ORAM,Odisha,SUNDARGARH (ST),
LS_JUGAL_KISHORE_SHARMA,Lok Sabha,Shri Jugal Kishore Sharma,JUGAL KISHORE SHARMA,Jammu And Kashmir,JAMMU,
LS_JYOTIRMAY_SINGH_MAHATO,Lok Sabha,Shri Jyotirmay Singh Mahato,JYOTIRMAY SINGH MAHATO,West Bengal,PURULIA,
LS_KARTI_P_CHIDAMBARAM,Lok Sabha,Shri Karti P Chidambaram,KARTI P CHIDAMBARAM,Tamil Nadu,SIVAGANGA,
LS_KUMBAKUDI_SUDHAKARAN,Lok Sabha,Shri Kumbakudi Sudhakaran,KUMBAKUDI SUDHAKARAN,Kerala,KANNUR,
LS_LS_TEJASVI_SURYA,Lok Sabha,Shri LS Tejasvi Surya,LS TEJASVI SURYA,Karnataka,BANGALORE SOUTH,
LS_M_K_RAGHAVAN,Lok Sabha,Shri M K Raghavan,M K RAGHAVAN,Kerala,KOZHIKODE,
LS_NARENDRA_MODI,Lok Sabha,Shri Narendra Modi,NARENDRA MODI,Uttar Pradesh,VARANASI,
LS_NK_PREMACHANDRAN,Lok Sabha,Shri NK Premachandran,NK PREMACHANDRAN,Kerala,KOLLAM,
LS_PP_CHAUDHARY,Lok Sabha,Shri PP Chaudhary,PP CHAUDHARY,Rajasthan,PALI,
LS_RAJMOHAN_UNNITHAN,Lok Sabha,Shri Rajmohan Unnithan,RAJMOHAN UNNITHAN,Kerala,KASARAGOD,
LS_SARBANANDA_SONOWAL_18LS,Lok Sabha,Shri Sarbananda Sonowal (18LS),SARBANANDA SONOWAL (18LS),Assam,DIBRUGARH,
LS_SATISH_KUMAR_GAUTAM,Lok Sabha,Shri Satish Kumar Gautam,SATISH KUMAR GAUTAM,Uttar Pradesh,ALIGARH,
LS_SHANTANU_THAKUR,Lok Sabha,Shri Shantanu Thakur,SHANTANU THAKUR,West Bengal,BANGAON(SC),
LS_SUDHEER_GUPTA,Lok Sabha,Shri Sudheer Gupta,SUDHEER GUPTA,Madhya Pradesh,MANDSOUR,
LS_SURESH_KODIKUNNIL,Lok Sabha,Shri Suresh Kodikunnil,SURESH KODIKUNNIL,Kerala,MAVELIKKARA(SC),
LS_TAPIR_GAO,Lok Sabha,Shri Tapir Gao,TAPIR GAO,Arunachal Pradesh,ARUNACHAL EAST,
LS_VIJAYAKUMAR_VASANTH,Lok Sabha,Shri vijayakumar Vasanth,VIJAYAKUMAR VASANTH,Tamil Nadu,KANNIYAKUMARI,
LS_SHRIKANT_EKNATH_SHINDE,Lok Sabha,Shrikant Eknath Shinde,SHRIKANT EKNATH SHINDE,Maharashtra,KALYAN,
LS_SHRIMANT_CHH_UDAYANRAJE_PRATAPSINHAMAHARAJ_BHONSLE,Lok Sabha,SHRIMANT CHH UDAYANRAJE PRATAPSINHAMAHARAJ BHONSLE,SHRIMANT CHH UDAYANRAJE PRATAPSINHAMAHARAJ BHONSLE,Maharashtra,SATARA,
LS_SHRIPAD_YESSO_NAIK,Lok Sabha,Shripad Yesso Naik,SHRIPAD YESSO NAIK,Goa,NORTH GOA,
LS_SHRIRANG_APPA_BARNE,Lok Sabha,Shrirang Appa Barne,SHRIRANG APPA BARNE,Maharashtra,MAVAL,
LS_SHYAMKUMAR,Lok Sabha,Shyamkumar,SHYAMKUMAR,Maharashtra,RAMTEK(SC),
LS_SIVANATH_KESINENI,Lok Sabha,Sivanath Kesineni,SIVANATH KESINENI,Andhra Pradesh,VIJAYAWADA,
LS_SK_NURUL_ISLAM,Lok Sabha,SK NURUL ISLAM,SK NURUL ISLAM,West Bengal,BASIRHAT,
LS_SMITA_UDAY_WAGH,Lok Sabha,SMITA UDAY WAGH,SMITA UDAY WAGH,Maharashtra,JALGAON,
LS_ANUPRIYA_PATEL,Lok Sabha,Smt Anupriya Patel,ANUPRIYA PATEL,Uttar Pradesh,MIRZAPUR,
LS_APARAJITA_SARANGI,Lok Sabha,Smt Aparajita Sarangi,APARAJITA SARANGI,Odisha,BHUBANESWAR,
LS_DIMPLE_YADAV,Lok Sabha,Smt Dimple Yadav,DIMPLE YADAV,Uttar Pradesh,MAINPURI,
LS_HARSIMRAT_KAUR_BADAL,Lok Sabha,Smt Harsimrat Kaur Badal,HARSIMRAT KAUR BADAL,Punjab,BHATINDA,
LS_HEMA_MALINI,Lok Sabha,Smt Hema Malini,HEMA MALINI,Uttar Pradesh,MATHURA,
LS_HIMADRI_SINGH,Lok Sabha,Smt Himadri Singh,HIMADRI SINGH,Madhya Pradesh,SHAHDOL (ST),
LS_POONAMBEN_HEMATBHAI_MAADAM,Lok Sabha,Smt Poonamben Hematbhai Maadam,POONAMBEN HEMATBHAI MAADAM,Gujarat,JAMNAGAR,
LS_RAKSHA_NIKHIL_KHADSE,Lok Sabha,Smt Raksha Nikhil Khadse,RAKSHA NIKHIL KHADSE,Maharashtra,RAVER,
LS_S_JOTHIMANI,Lok Sabha,Smt S Jothimani,S JOTHIMANI,Tamil Nadu,KARUR,
LS_SAJDA_AHMED,Lok Sabha,Smt Sajda Ahmed,SAJDA AHMED,West Bengal,ULUBERIA,
LS_SANDHYA_RAY,Lok Sabha,Smt Sandhya Ray,SANDHYA RAY,Madhya Pradesh,BHIND(SC),
LS_SANGEETA_KUMARI_SINGH_DEO,Lok Sabha,Smt Sangeeta Kumari Singh Deo,SANGEETA KUMARI SINGH DEO,Odisha,BOLANGIR,
LS_SATABDI_ROY_BANERJEE,Lok Sabha,Smt Satabdi Roy (Banerjee),SATABDI ROY (BANERJEE),West Bengal,BIRBHUM,
LS_SUPRIYA_SADANAND_SULE,Lok Sabha,Smt Supriya Sadanand Sule,SUPRIYA SADANAND SULE,Maharashtra,BARAMATI,
LS_VEENA_DEVI,Lok Sabha,Smt Veena Devi,VEENA DEVI,Bihar,VAISHALI,
LS_SRIBHARAT_MATHUKUMLI,Lok Sabha,Sribharat MathuKumli,SRIBHARAT MATHUKUMLI,Andhra Pradesh,VISAKHAPATNAM,
LS_SUDAMA_PRASAD,Lok Sabha,SUDAMA PRASAD,SUDAMA PRASAD,Bihar,ARRAH,
LS_SUDHA_R,Lok Sabha,SUDHA R,SUDHA R,Tamil Nadu,MAYILADUTHURAI,
LS_SUDHAKAR_SINGH,Lok Sabha,SUDHAKAR SINGH,SUDHAKAR SINGH,Bihar,BUXAR,
LS_SUDIP_BANDYOPADHYAY,Lok Sabha,Sudip Bandyopadhyay,SUDIP BANDYOPADHYAY,West Bengal,KOLKATA UTTAR,
LS_SUKANTA_KUMAR_PANIGRAHI,Lok Sabha,SUKANTA KUMAR PANIGRAHI,SUKANTA KUMAR PANIGRAHI,Odisha,KANDHAMAL,
LS_SUKHDEO_BHAGAT,Lok Sabha,SUKHDEO BHAGAT,SUKHDEO BHAGAT,Jharkhand,LOHARDAGA(ST),
LS_SUKHJINDER_SINGH_RANDHAWA,Lok Sabha,SUKHJINDER SINGH RANDHAWA,SUKHJINDER SINGH RANDHAWA,Punjab,GURDASPUR,
LS_SUNIL_BOSE,Lok Sabha,SUNIL BOSE,SUNIL BOSE,Karnataka,CHAMARAJANAGAR(SC),
LS_SUNIL_DATTATRAY_TATKARE,Lok Sabha,Sunil Dattatray Tatkare,SUNIL DATTATRAY TATKARE,Maharashtra,RAIGAD,
LS_SUNIL_KUMAR,Lok Sabha,Sunil Kumar,SUNIL KUMAR,Bihar,VALMIKI NAGAR,
LS_SURENDRA_PRASAD_YADAV,Lok Sabha,SURENDRA PRASAD YADAV,SURENDRA PRASAD YADAV,Bihar,JAHANABAD,
LS_SURESH_GOPI,Lok Sabha,SURESH GOPI,SURESH GOPI,Kerala,THRISSUR,
LS_SURESH_KUMAR_KASHYAP,Lok Sabha,Suresh Kumar Kashyap,SURESH KUMAR KASHYAP,Himachal Pradesh,SHIMLA (SC),
LS_SURESH_KUMAR_SHETKAR,Lok Sabha,SURESH KUMAR SHETKAR,SURESH KUMAR SHETKAR,Telangana,ZAHIRABAD,
LS_SWAMI_SACHCHIDANANDHARI_SAKSHI_JI_MAHARAJ,Lok Sabha,Swami Sachchidanandhari Sakshi ji Maharaj,SWAMI SACHCHIDANANDHARI SAKSHI JI MAHARAJ,Uttar Pradesh,UNNAO,
LS_T_SUMATHY_A_THAMIZHACHI_THANGAPANDIAN,Lok Sabha,T Sumathy (A) Thamizhachi Thangapandian,T SUMATHY (A) THAMIZHACHI THANGAPANDIAN,Tamil Nadu,CHENNAI SOUTH,
LS_TANGELLA_UDAY_SRINIVAS,Lok Sabha,TANGELLA UDAY SRINIVAS,TANGELLA UDAY SRINIVAS,Andhra Pradesh,KAKINADA,
LS_TANUJ_PUNIA,Lok Sabha,TANUJ PUNIA,TANUJ PUNIA,Uttar Pradesh,BARABANKI(SC),
LS_TARIQ_ANWAR,Lok Sabha,TARIQ ANWAR,TARIQ ANWAR,Bihar,KATIHAR,
LS_THALIKKOTTAI_RAJUTHEVAR_BAALU,Lok Sabha,Thalikkottai Rajuthevar Baalu,THALIKKOTTAI RAJUTHEVAR BAALU,Tamil Nadu,SRIPERUMBUDUR,
LS_THANGA_TAMILSELVAN,Lok Sabha,THANGA TAMILSELVAN,THANGA TAMILSELVAN,Tamil Nadu,THENI,
LS_THARANIVENTHAN_M_S,Lok Sabha,THARANIVENTHAN M S,THARANIVENTHAN M S,Tamil Nadu,ARANI,
LS_THIRU_DAYANIDHI_MARAN,Lok Sabha,Thiru Dayanidhi Maran,THIRU DAYANIDHI MARAN,Tamil Nadu,CHENNAI CENTRAL,
LS_THIRUMAA_VALAVAN_THOL,Lok Sabha,Thirumaa Valavan Thol,THIRUMAA VALAVAN THOL,Tamil Nadu,CHIDAMBARAM(SC),
LS_TOKHAN_SAHU,Lok Sabha,TOKHAN SAHU,TOKHAN SAHU,Chhattisgarh,BILASPUR,
LS_TRIVENDRA_SINGH_RAWAT,Lok Sabha,TRIVENDRA SINGH RAWAT,TRIVENDRA SINGH RAWAT,Uttarakhand,HARDWAR,
LS_UJJWAL_RAMAN_SINGH,Lok Sabha,UJJWAL RAMAN SINGH,UJJWAL RAMAN SINGH,Uttar Pradesh,ALLAHABAD,
LS_UMMEDA_RAM_BENIWAL,Lok Sabha,UMMEDA RAM BENIWAL,UMMEDA RAM BENIWAL,Rajasthan,BARMER,
LS_UTKARSH_VERMA_MADHUR,Lok Sabha,UTKARSH VERMA MADHUR,UTKARSH VERMA MADHUR,Uttar Pradesh,KHERI,
LS_V_S_MATHESWARAN,Lok Sabha,V S Matheswaran,V S MATHESWARAN,Tamil Nadu,NAMAKKAL,
LS_V_SOMANNA,Lok Sabha,V. SOMANNA,V. SOMANNA,Karnataka,TUMKUR,
LS_VAITHILINGAM_VE,Lok Sabha,Vaithilingam Ve,VAITHILINGAM VE,Puducherry,Puducherry,
LS_VAMSI_KRISHNA_GADDAM,Lok Sabha,VAMSI KRISHNA GADDAM,VAMSI KRISHNA GADDAM,Telangana,PEDDAPALLE,
LS_VARUN_CHAUDHRY,Lok Sabha,VARUN CHAUDHRY,VARUN CHAUDHRY,Haryana,AMBALA (SC),
LS_VELLALATH_KOCHUKRISHNAN_NAIR_SREEKANDAN,Lok Sabha,Vellalath Kochukrishnan Nair Sreekandan,VELLALATH KOCHUKRISHNAN NAIR SREEKANDAN,Kerala,PALAKKAD,
LS_VIJAY_BAGHEL,Lok Sabha,Vijay Baghel,VIJAY BAGHEL,Chhattisgarh,DURG,
LS_VIJAY_KUMAR_DUBEY,Lok Sabha,Vijay Kumar Dubey,VIJAY KUMAR DUBEY,Uttar Pradesh,KUSHI NAGAR,
LS_VIJAY_KUMAR_HANSDAK,Lok Sabha,Vijay Kumar Hansdak,VIJAY KUMAR HANSDAK,Jharkhand,RAJMAHAL(ST),
LS_VIJAYLAKSHMI_DEVI,Lok Sabha,VIJAYLAKSHMI DEVI,VIJAYLAKSHMI DEVI,Bihar,SIWAN,
LS_VINOD_CHAVDA,Lok Sabha,Vinod Chavda,VINOD CHAVDA,Gujarat,KACHCHH(SC),
LS_VINOD_KUMAR_BIND,Lok Sabha,VINOD KUMAR BIND,VINOD KUMAR BIND,Uttar Pradesh,BHADOHI,
LS_VIRENDRA_KUMAR,Lok Sabha,Virendra Kumar,VIRENDRA KUMAR,Madhya Pradesh,TIKAMGARH(SC),
LS_VIRENDRA_SINGH,Lok Sabha,VIRENDRA SINGH,VIRENDRA SINGH,Uttar Pradesh,CHANDAULI,
LS_VISHAL,Lok Sabha,VISHAL,VISHAL,Maharashtra,SANGLI,
LS_VISHNU_DAYAL_RAM,Lok Sabha,Vishnu Dayal Ram,VISHNU DAYAL RAM,Jharkhand,PALAMU(SC),
LS_VISHNU_DUTT_SHARMA,Lok Sabha,Vishnu Dutt Sharma,VISHNU DUTT SHARMA,Madhya Pradesh,KHAJURAHO,
LS_VISHWESHWAR_HEGDE_KAGERI,Lok Sabha,VISHWESHWAR HEGDE KAGERI,VISHWESHWAR HEGDE KAGERI,Karnataka,UTTARA KANNADA,
LS_VIVEK_THAKUR,Lok Sabha,VIVEK THAKUR,VIVEK THAKUR,Bihar,NAWADA,
LS_Y_S_AVINASH_REDDY,Lok Sabha,Y S Avinash Reddy,Y S AVINASH REDDY,Andhra Pradesh,KADAPA,
LS_YADUVEER_KRISHNADATTA_CHAMARAJA_WADIYAR,Lok Sabha,YADUVEER KRISHNADATTA CHAMARAJA WADIYAR,YADUVEER KRISHNADATTA CHAMARAJA WADIYAR,Karnataka,MYSORE,
LS_YOGENDRA_CHANDOLIYA,Lok Sabha,Yogendra Chandoliya,YOGENDRA CHANDOLIYA,Delhi,NORTH WEST DELHI(SC),
LS_ZIA_UR_REHMAN,Lok Sabha,ZIA UR REHMAN,ZIA UR REHMAN,Uttar Pradesh,SAMBHAL,
RS_ABHISHEK_MANU_SINGHVI,Rajya Sabha,Dr. Abhishek Manu Singhvi (2026-32) (2026-2032),ABHISHEK MANU SINGHVI,Telangana,,Elected MP
RS_AJEET_MADHAVRAO_GOPCHADE,Rajya Sabha,Dr. Ajeet Madhavrao Gopchade (2024-30) (2024-2030),AJEET MADHAVRAO GOPCHADE,Maharashtra,,Elected MP
RS_ALKA_SINGH,Rajya Sabha,Dr. Alka Singh (2026-32) (2026-2032),ALKA SINGH,Rajasthan,,Elected MP
RS_ANBUMANI_RAMADOSS,Rajya Sabha,Dr. Anbumani Ramadoss (2026-32) (2026-2032),ANBUMANI RAMADOSS,Tamil Nadu,,Elected MP
RS_ANIL_SUKHDEORAO_BONDE,Rajya Sabha,Dr. Anil Sukhdeorao Bonde (2022-28) (2022-2028),ANIL SUKHDEORAO BONDE,Maharashtra,,Elected MP
RS_ASHOK_KUMAR_MITTAL,Rajya Sabha,Dr. Ashok Kumar Mittal (2022-28) (2022-2028),ASHOK KUMAR MITTAL,Punjab,,Elected MP
RS_BHIM_SINGH,Rajya Sabha,Dr. Bhim Singh (2024-30) (2024-2030),BHIM SINGH,Bihar,,Elected MP
RS_DHARMASTHALA_VEERENDRA_HEGGADE,Rajya Sabha,Dr. Dharmasthala Veerendra Heggade (2022-28) (2022-2028),DHARMASTHALA VEERENDRA HEGGADE,Karnataka,,Nominated MP
RS_DHARMSHILA_GUPTA,Rajya Sabha,Dr. Dharmshila Gupta (2024-30) (2024-2030),DHARMSHILA GUPTA,Bihar,,Elected MP
RS_DINESH_SHARMA,Rajya Sabha,Dr. Dinesh Sharma (2023-26) (2023-2026),DINESH SHARMA,Uttar Pradesh,,Elected MP
RS_FAIYAZ_AHMAD,Rajya Sabha,Dr. Faiyaz Ahmad (2022-28) (2022-2028),FAIYAZ AHMAD,Bihar,,Elected MP
RS_JOHN_BRITTAS,Rajya Sabha,Dr. John Brittas (2021-27) (2021-2027),JOHN BRITTAS,Kerala,,Elected MP
RS_JYOTI_NAGNATH_WAGHMARE,Rajya Sabha,Dr. Jyoti Nagnath Waghmare (2026-32) (2026-2032),JYOTI NAGNATH WAGHMARE,Maharashtra,,Elected MP
RS_K_LAXMAN,Rajya Sabha,Dr. K. Laxman (2022-28) (2022-2028),K. LAXMAN,Uttar Pradesh,,Elected MP
RS_KALPANA_SAINI,Rajya Sabha,Dr. Kalpana Saini (2022-28) (2022-2028),KALPANA SAINI,Uttarakhand,,Elected MP
RS_KAVITA_PATIDAR,Rajya Sabha,Dr. Kavita Patidar (2022-28) (2022-2028),KAVITA PATIDAR,Madhya Pradesh,,Elected MP
RS_L_MURUGAN,Rajya Sabha,Dr. L. Murugan (2024-30) (2024-2030),L. MURUGAN,Madhya Pradesh,,Elected MP
RS_LAXMIKANT_BAJPAYEE,Rajya Sabha,Dr. Laxmikant Bajpayee (2022-28) (2022-2028),LAXMIKANT BAJPAYEE,Uttar Pradesh,,Elected MP
RS_M_DHANAPAL,Rajya Sabha,Dr. M. Dhanapal (2025-31) (2025-2031),M. DHANAPAL,Tamil Nadu,,Elected MP
RS_M_THAMBI_DURAI,Rajya Sabha,Dr. M. Thambi Durai (2026-32) (2026-2032),M. THAMBI DURAI,Tamil Nadu,,Elected MP
RS_MEDHA_VISHRAM_KULKARNI,Rajya Sabha,Dr. Medha Vishram Kulkarni (2024-30) (2024-2030),MEDHA VISHRAM KULKARNI,Maharashtra,,Elected MP
RS_MEENAKSHI_JAIN,Rajya Sabha,Dr. Meenakshi Jain (2025-31) (2025-2031),MEENAKSHI JAIN,Delhi,,Nominated MP
RS_MUKESHBHAI_J_RATHWA,Rajya Sabha,Dr. Mukeshbhai J. Rathwa (2026-32) (2026-2032),MUKESHBHAI J. RATHWA,Gujarat,,Elected MP
RS_PARMAR_JASHVANTSINH_SALAMSINH,Rajya Sabha,Dr. Parmar Jashvantsinh Salamsinh (2024-30) (2024-2030),PARMAR JASHVANTSINH SALAMSINH,Gujarat,,Elected MP
RS_RADHA_MOHAN_DAS_AGRAWAL,Rajya Sabha,Dr. Radha Mohan Das Agrawal (2022-28) (2022-2028),RADHA MOHAN DAS AGRAWAL,Uttar Pradesh,,Elected MP
RS_SANDEEP_KUMAR_PATHAK,Rajya Sabha,Dr. Sandeep Kumar Pathak (2022-28) (2022-2028),SANDEEP KUMAR PATHAK,Punjab,,Elected MP
RS_SANGEETA_BALWANT,Rajya Sabha,Dr. Sangeeta Balwant (2024-30) (2024-2030),SANGEETA BALWANT,Uttar Pradesh,,Elected MP
RS_SANTRUPT_MISRA,Rajya Sabha,Dr. Santrupt Misra (2026-32) (2026-2032),SANTRUPT MISRA,Odisha,,Elected MP
RS_SARFRAZ_AHMAD,Rajya Sabha,Dr. Sarfraz Ahmad (2024-30) (2024-2030),SARFRAZ AHMAD,Jharkhand,,Elected MP
RS_SASMIT_PATRA,Rajya Sabha,Dr. Sasmit Patra (2022-28) (2022-2028),SASMIT PATRA,Odisha,,Elected MP
RS_SATISH_POONIA,Rajya Sabha,Dr. Satish Poonia (2026-32) (2026-2032),SATISH POONIA,Rajasthan,,Elected MP
RS_SIKANDER_KUMAR,Rajya Sabha,Dr. Sikander Kumar (2022-28) (2022-2028),SIKANDER KUMAR,Himachal Pradesh,,Elected MP
RS_SUDHANSHU_TRIVEDI,Rajya Sabha,Dr. Sudhanshu Trivedi (2024-30) (2024-2030),SUDHANSHU TRIVEDI,Uttar Pradesh,,Elected MP
RS_SYED_NASEER_HUSSAIN,Rajya Sabha,Dr. Syed Naseer Hussain (2024-30) (2024-2030),SYED NASEER HUSSAIN,Karnataka,,Elected MP
RS_V_SIVADASAN,Rajya Sabha,Dr. V. Sivadasan (2021-27) (2021-2027),V. SIVADASAN,Kerala,,Elected MP
RS_VIKRAMJIT_SINGH_SAHNEY,Rajya Sabha,Dr. Vikramjit Singh Sahney (2022-28) (2022-2028),VIKRAMJIT SINGH SAHNEY,Punjab,,Elected MP
RS_MS_DOLA_SEN,Rajya Sabha,Ms. Dola Sen (2023-29) (2023-2029),MS. DOLA SEN,West Bengal,,Elected MP
RS_MS_SWATI_MALIWAL,Rajya Sabha,Ms. Swati Maliwal (2024-30) (2024-2030),MS. SWATI MALIWAL,Delhi,,Elected MP
RS_MANOJ_KUMAR_JHA,Rajya Sabha,Prof. Manoj Kumar Jha (2024-30) (2024-2030),MANOJ KUMAR JHA,Bihar,,Elected MP
RS_RAM_GOPAL_YADAV,Rajya Sabha,Prof. Ram Gopal Yadav (2020-26) (2020-2026),RAM GOPAL YADAV,Uttar Pradesh,,Elected MP
RS_A_A_RAHIM,Rajya Sabha,Shri A. A. Rahim (2022-28) (2022-2028),A. A. RAHIM,Kerala,,Elected MP
RS_ABDUL_WAHAB,Rajya Sabha,Shri Abdul Wahab (2021-27) (2021-2027),ABDUL WAHAB,Kerala,,Elected MP
RS_ADITYA_PRASAD,Rajya Sabha,Shri Aditya Prasad (2022-28) (2022-2028),ADITYA PRASAD,Jharkhand,,Elected MP
RS_AJAY_MAKAN,Rajya Sabha,Shri Ajay Makan (2024-30) (2024-2030),AJAY MAKAN,Karnataka,,Elected MP
RS_AKHILESH_PRASAD_SINGH,Rajya Sabha,Shri Akhilesh Prasad Singh (2024-30) (2024-2030),AKHILESH PRASAD SINGH,Bihar,,Elected MP
RS_AMAR_PAL_MAURYA,Rajya Sabha,Shri Amar Pal Maurya (2024-30) (2024-2030),AMAR PAL MAURYA,Uttar Pradesh,,Elected MP
RS_ANIL_KUMAR_YADAV_MANDADI,Rajya Sabha,Shri Anil Kumar Yadav Mandadi (2024-30) (2024-2030),ANIL KUMAR YADAV MANDADI,Telangana,,Elected MP
RS_ANURAG_SHARMA,Rajya Sabha,Shri Anurag Sharma (2026-32) (2026-2032),ANURAG SHARMA,Himachal Pradesh,,Elected MP
RS_ARUN_SINGH,Rajya Sabha,Shri Arun Singh (2020-26) (2020-2026),ARUN SINGH,Uttar Pradesh,,Elected MP
RS_ASHOK_SINGH,Rajya Sabha,Shri Ashok Singh (2024-30) (2024-2030),ASHOK SINGH,Madhya Pradesh,,Elected MP
RS_ASHOKRAO_SHANKARRAO_CHAVAN,Rajya Sabha,Shri Ashokrao Shankarrao Chavan (2024-30) (2024-2030),ASHOKRAO SHANKARRAO CHAVAN,Maharashtra,,Elected MP
RS_ASHWINI_VAISHNAW,Rajya Sabha,Shri Ashwini Vaishnaw (2024-30) (2024-2030),ASHWINI VAISHNAW,Odisha,,Elected MP
RS_B_PARTHASARADHI_REDDY,Rajya Sabha,Shri B. Parthasaradhi Reddy (2022-28) (2022-2028),B. PARTHASARADHI REDDY,Telangana,,Elected MP
RS_B_L_VERMA,Rajya Sabha,Shri B.L. Verma (2020-26) (2020-2026),B.L. VERMA,Uttar Pradesh,,Elected MP
RS_BABUBHAI_JESANGBHAI_DESAI,Rajya Sabha,Shri Babubhai Jesangbhai Desai (2023-29) (2023-2029),BABUBHAI JESANGBHAI DESAI,Gujarat,,Elected MP
RS_BABURAM_NISHAD,Rajya Sabha,Shri Baburam Nishad (2022-28) (2022-2028),BABURAM NISHAD,Uttar Pradesh,,Elected MP
RS_BAIDYANATH_RAM,Rajya Sabha,Shri Baidyanath Ram (2026-32) (2026-2032),BAIDYANATH RAM,Jharkhand,,Elected MP
RS_BALYOGI_UMESHNATH,Rajya Sabha,Shri Balyogi Umeshnath (2024-30) (2024-2030),BALYOGI UMESHNATH,Madhya Pradesh,,Elected MP
RS_BANSHILAL_GURJAR,Rajya Sabha,Shri Banshilal Gurjar (2024-30) (2024-2030),BANSHILAL GURJAR,Madhya Pradesh,,Elected MP
RS_BHASHYAM_RAMA_KRISHNA,Rajya Sabha,Shri Bhashyam Rama Krishna (2026-32) (2026-2032),BHASHYAM RAMA KRISHNA,Andhra Pradesh,,Elected MP
RS_BIRENDRA_PRASAD_BAISHYA,Rajya Sabha,Shri Birendra Prasad Baishya (2025-31) (2025-2031),BIRENDRA PRASAD BAISHYA,Assam,,Elected MP
RS_BRIJ_LAL,Rajya Sabha,Shri Brij Lal (2020-26) (2020-2026),BRIJ LAL,Uttar Pradesh,,Elected MP
RS_C_SADANANDAN_MASTER,Rajya Sabha,Shri C. Sadanandan Master (2025-31) (2025-2031),C. SADANANDAN MASTER,Kerala,,Nominated MP
RS_CHANDRAKANT_DAMODAR_HANDORE,Rajya Sabha,Shri Chandrakant Damodar Handore (2024-30) (2024-2030),CHANDRAKANT DAMODAR HANDORE,Maharashtra,,Elected MP
RS_CHOWDRY_MOHAMMAD_RAMZAN,Rajya Sabha,Shri Chowdry Mohammad Ramzan (2025-31) (2025-2031),CHOWDRY MOHAMMAD RAMZAN,Jammu And Kashmir,,Elected MP
RS_CHRISTOPHER_MANICKAM,Rajya Sabha,Shri Christopher Manickam (2026-32) (2026-2032),CHRISTOPHER MANICKAM,Tamil Nadu,,Elected MP
RS_CHUNNILAL_GARASIYA,Rajya Sabha,Shri Chunnilal Garasiya (2024-30) (2024-2030),CHUNNILAL GARASIYA,Rajasthan,,Elected MP
RS_CONSTANDINE_RAVINDRAN,Rajya Sabha,Shri Constandine Ravindran (2026-32) (2026-2032),CONSTANDINE RAVINDRAN,Tamil Nadu,,Elected MP
RS_DAMODAR_RAO_DIVAKONDA,Rajya Sabha,Shri Damodar Rao Divakonda (2022-28) (2022-2028),DAMODAR RAO DIVAKONDA,Telangana,,Elected MP
RS_DEBASHISH_SAMANTARAY,Rajya Sabha,Shri Debashish Samantaray (2026-30) (2026-2030),DEBASHISH SAMANTARAY,Odisha,,Elected MP
RS_DEREK_O_BRIEN,Rajya Sabha,Shri Derek O' Brien (2023-29) (2023-2029),DEREK O' BRIEN,West Bengal,,Elected MP
RS_DEVENDRA_PRATAP_SINGH,Rajya Sabha,Shri Devendra Pratap Singh (2024-30) (2024-2030),DEVENDRA PRATAP SINGH,Chhattisgarh,,Elected MP
RS_DHANANJAY_BHIMRAO_MAHADIK,Rajya Sabha,Shri Dhananjay Bhimrao Mahadik (2022-28) (2022-2028),DHANANJAY BHIMRAO MAHADIK,Maharashtra,,Elected MP
RS_DILIP_KUMAR_RAY,Rajya Sabha,Shri Dilip Kumar Ray (2026-32) (2026-2032),DILIP KUMAR RAY,Odisha,,Elected MP
RS_DORJEE_TSHERING_LEPCHA,Rajya Sabha,Shri Dorjee Tshering Lepcha (2024-30) (2024-2030),DORJEE TSHERING LEPCHA,Sikkim,,Elected MP
RS_G_C_CHANDRASHEKHAR,Rajya Sabha,Shri G.C. Chandrashekhar (2024-30) (2024-2030),G.C. CHANDRASHEKHAR,Karnataka,,Elected MP
RS_GHANSHYAM_TIWARI,Rajya Sabha,Shri Ghanshyam Tiwari (2022-28) (2022-2028),GHANSHYAM TIWARI,Rajasthan,,Elected MP
RS_GOLLA_BABURAO,Rajya Sabha,Shri Golla Baburao (2024-30) (2024-2030),GOLLA BABURAO,Andhra Pradesh,,Elected MP
RS_GOVINDBHAI_LALJIBHAI_DHOLAKIA,Rajya Sabha,Shri Govindbhai Laljibhai Dholakia (2024-30) (2024-2030),GOVINDBHAI LALJIBHAI DHOLAKIA,Gujarat,,Elected MP
RS_GULAM_ALI,Rajya Sabha,Shri Gulam Ali (2022-28) (2022-2028),GULAM ALI,Jammu And Kashmir,,Nominated MP
RS_GURWINDER_SINGH_OBEROI,Rajya Sabha,Shri Gurwinder Singh Oberoi (2025-31) (2025-2031),GURWINDER SINGH OBEROI,Jammu And Kashmir,,Elected MP
RS_HARBHAJAN_SINGH,Rajya Sabha,Shri Harbhajan Singh (2022-28) (2022-2028),HARBHAJAN SINGH,Punjab,,Elected MP
RS_HARDEEP_SINGH_PURI,Rajya Sabha,Shri Hardeep Singh Puri (2020-26) (2020-2026),HARDEEP SINGH PURI,Uttar Pradesh,,Elected MP
RS_HARIS_BEERAN,Rajya Sabha,Shri Haris Beeran (2024-30) (2024-2030),HARIS BEERAN,Kerala,,Elected MP
RS_HARSH_MAHAJAN,Rajya Sabha,Shri Harsh Mahajan (2024-30) (2024-2030),HARSH MAHAJAN,Himachal Pradesh,,Elected MP
RS_HARSH_VARDHAN_SHRINGLA,Rajya Sabha,Shri Harsh Vardhan Shringla (2025-31) (2025-2031),HARSH VARDHAN SHRINGLA,West Bengal,,Nominated MP
RS_I_S_INBADURAI,Rajya Sabha,Shri I.S. Inbadurai (2025-31) (2025-2031),I.S. INBADURAI,Tamil Nadu,,Elected MP
RS_ILAIYARAAJA,Rajya Sabha,Shri Ilaiyaraaja (2022-28) (2022-2028),ILAIYARAAJA,Tamil Nadu,,Nominated MP
RS_IMRAN_PRATAPGARHI,Rajya Sabha,Shri Imran Pratapgarhi (2022-28) (2022-2028),IMRAN PRATAPGARHI,Maharashtra,,Elected MP
RS_JAGAT_PRAKASH_NADDA,Rajya Sabha,Shri Jagat Prakash Nadda (2024-30) (2024-2030),JAGAT PRAKASH NADDA,Gujarat,,Elected MP
RS_JAGGESH,Rajya Sabha,Shri Jaggesh (2022-28) (2022-2028),JAGGESH,Karnataka,,Elected MP
RS_JAIRAM_RAMESH,Rajya Sabha,Shri Jairam Ramesh (2022-28) (2022-2028),JAIRAM RAMESH,Karnataka,,Elected MP
RS_JAMES_PANGSANG_KONGKAL_SANGMA,Rajya Sabha,Shri James Pangsang Kongkal Sangma (2026-32) (2026-2032),JAMES PANGSANG KONGKAL SANGMA,Meghalaya,,Elected MP
RS_JAVED_ALI_KHAN,Rajya Sabha,Shri Javed Ali Khan (2022-28) (2022-2028),JAVED ALI KHAN,Uttar Pradesh,,Elected MP
RS_JAYANT_CHAUDHARY,Rajya Sabha,Shri Jayant Chaudhary (2022-28) (2022-2028),JAYANT CHAUDHARY,Uttar Pradesh,,Elected MP
RS_JOGEN_MOHAN,Rajya Sabha,Shri Jogen Mohan (2026-32) (2026-2032),JOGEN MOHAN,Assam,,Elected MP
RS_JOSE_K_MANI,Rajya Sabha,Shri Jose K. Mani (2024-30) (2024-2030),JOSE K. MANI,Kerala,,Elected MP
RS_K_R_N_RAJESHKUMAR,Rajya Sabha,Shri K.R.N. Rajeshkumar (2022-28) (2022-2028),K.R.N. RAJESHKUMAR,Tamil Nadu,,Elected MP
RS_KAMAL_HAASAN,Rajya Sabha,Shri Kamal Haasan (2025-31) (2025-2031),KAMAL HAASAN,Tamil Nadu,,Elected MP
RS_KANAD_PURKAYASTHA,Rajya Sabha,Shri Kanad Purkayastha (2025-31) (2025-2031),KANAD PURKAYASTHA,Assam,,Elected MP
RS_KAPIL_SIBAL,Rajya Sabha,Shri Kapil Sibal (2022-28) (2022-2028),KAPIL SIBAL,Uttar Pradesh,,Elected MP
RS_KARAMVIR_SINGH_SINGH_BOUDH,Rajya Sabha,Shri Karamvir Singh Singh Boudh (2026-32) (2026-2032),KARAMVIR SINGH SINGH BOUDH,Haryana,,Elected MP
RS_KARTIKEYA_SHARMA,Rajya Sabha,Shri Kartikeya Sharma (2022-28) (2022-2028),KARTIKEYA SHARMA,Haryana,,Elected MP
RS_KESRIDEVSINH_JHALA,Rajya Sabha,Shri Kesridevsinh Jhala (2023-29) (2023-2029),KESRIDEVSINH JHALA,Gujarat,,Elected MP
RS_KHIANGTE_LALTLUANGKIMA,Rajya Sabha,Shri Khiangte Laltluangkima (2026-32) (2026-2032),KHIANGTE LALTLUANGKIMA,Mizoram,,Elected MP
RS_KHIRU_MAHTO,Rajya Sabha,Shri Khiru Mahto (2022-28) (2022-2028),KHIRU MAHTO,Bihar,,Elected MP
RS_L_K_SUDHISH,Rajya Sabha,Shri L. K. Sudhish (2026-32) (2026-2032),L. K. SUDHISH,Tamil Nadu,,Elected MP
RS_LAHAR_SINGH_SIROYA,Rajya Sabha,Shri Lahar Singh Siroya (2022-28) (2022-2028),LAHAR SINGH SIROYA,Karnataka,,Elected MP
RS_LINGAMANENI_RAMESH,Rajya Sabha,Shri Lingamaneni Ramesh (2026-32) (2026-2032),LINGAMANENI RAMESH,Andhra Pradesh,,Elected MP
RS_M_NAGARAJA,Rajya Sabha,Shri M. Nagaraja (2026-32) (2026-2032),M. NAGARAJA,Karnataka,,Elected MP
RS_MADAN_RATHORE,Rajya Sabha,Shri Madan Rathore (2024-30) (2024-2030),MADAN RATHORE,Rajasthan,,Elected MP
RS_MAHENDRA_BHATT,Rajya Sabha,Shri Mahendra Bhatt (2024-30) (2024-2030),MAHENDRA BHATT,Uttarakhand,,Elected MP
RS_MAHESH_KEWAT,Rajya Sabha,Shri Mahesh Kewat (2026-32) (2026-2032),MAHESH KEWAT,Madhya Pradesh,,Elected MP
RS_MALLIKARJUN_KHARGE,Rajya Sabha,Shri Mallikarjun Kharge (2026-32) (2026-2032),MALLIKARJUN KHARGE,Karnataka,,Elected MP
RS_MANAN_KUMAR_MISHRA,Rajya Sabha,Shri Manan Kumar Mishra (2024-28) (2024-2028),MANAN KUMAR MISHRA,Bihar,,Elected MP
RS_MANAS_RANJAN_MANGARAJ,Rajya Sabha,Shri Manas Ranjan Mangaraj (2022-28) (2022-2028),MANAS RANJAN MANGARAJ,Odisha,,Elected MP
RS_MANMOHAN_SAMAL,Rajya Sabha,Shri Manmohan Samal (2026-32) (2026-2032),MANMOHAN SAMAL,Odisha,,Elected MP
RS_MANSOOR_ALI_KHAN,Rajya Sabha,Shri Mansoor Ali Khan (2026-32) (2026-2032),MANSOOR ALI KHAN,Karnataka,,Elected MP
RS_MASTHAN_RAO_YADAV_BEEDHA,Rajya Sabha,Shri Masthan Rao Yadav Beedha (2024-28) (2024-2028),MASTHAN RAO YADAV BEEDHA,Andhra Pradesh,,Elected MP
RS_MAYANKKUMAR_NAYAK,Rajya Sabha,Shri Mayankkumar Nayak (2024-30) (2024-2030),MAYANKKUMAR NAYAK,Gujarat,,Elected MP
RS_MEDA_RAGHUNADHA_REDDY,Rajya Sabha,Shri Meda Raghunadha Reddy (2024-30) (2024-2030),MEDA RAGHUNADHA REDDY,Andhra Pradesh,,Elected MP
RS_MILIND_MURLI_DEORA,Rajya Sabha,Shri Milind Murli Deora (2024-30) (2024-2030),MILIND MURLI DEORA,Maharashtra,,Elected MP
RS_MITHLESH_KUMAR,Rajya Sabha,Shri Mithlesh Kumar (2022-28) (2022-2028),MITHLESH KUMAR,Uttar Pradesh,,Elected MP
RS_MOHAMMED_NADIMUL_HAQUE,Rajya Sabha,Shri Mohammed Nadimul Haque (2024-30) (2024-2030),MOHAMMED NADIMUL HAQUE,West Bengal,,Elected MP
RS_MUKUL_WASNIK,Rajya Sabha,Shri Mukul Wasnik (2022-28) (2022-2028),MUKUL WASNIK,Rajasthan,,Elected MP
RS_NAGENDRA_RAY,Rajya Sabha,Shri Nagendra Ray (2023-29) (2023-2029),NAGENDRA RAY,West Bengal,,Elected MP
RS_NARAIN_DASS_GUPTA,Rajya Sabha,Shri Narain Dass Gupta (2024-30) (2024-2030),NARAIN DASS GUPTA,Delhi,,Elected MP
RS_NARAYANASA_K_BHANDAGE,Rajya Sabha,Shri Narayanasa K. Bhandage (2024-30) (2024-2030),NARAYANASA K. BHANDAGE,Karnataka,,Elected MP
RS_NARESH_BANSAL,Rajya Sabha,Shri Naresh Bansal (2020-26) (2020-2026),NARESH BANSAL,Uttarakhand,,Elected MP
RS_NAVEEN_JAIN,Rajya Sabha,Shri Naveen Jain (2024-30) (2024-2030),NAVEEN JAIN,Uttar Pradesh,,Elected MP
RS_NEERAJ_DANGI,Rajya Sabha,Shri Neeraj Dangi (2026-32) (2026-2032),NEERAJ DANGI,Rajasthan,,Elected MP
RS_NEERAJ_SHEKHAR,Rajya Sabha,Shri Neeraj Shekhar (2020-26) (2020-2026),NEERAJ SHEKHAR,Uttar Pradesh,,Elected MP
RS_NITIN_LAXMANRAO_JADHAV_PATIL,Rajya Sabha,Shri Nitin Laxmanrao Jadhav Patil (2024-28) (2024-2028),NITIN LAXMANRAO JADHAV PATIL,Maharashtra,,Elected MP
RS_NITIN_NABIN,Rajya Sabha,Shri Nitin Nabin (2026-32) (2026-2032),NITIN NABIN,Bihar,,Elected MP
RS_P_CHIDAMBARAM,Rajya Sabha,Shri P. Chidambaram (2022-28) (2022-2028),P. CHIDAMBARAM,Tamil Nadu,,Elected MP
RS_P_P_SUNEER,Rajya Sabha,Shri P. P. Suneer (2024-30) (2024-2030),P. P. SUNEER,Kerala,,Elected MP
RS_P_WILSON,Rajya Sabha,Shri P. Wilson (2025-31) (2025-2031),P. WILSON,Tamil Nadu,,Elected MP
RS_PABITRA_MARGHERITA,Rajya Sabha,Shri Pabitra Margherita (2022-28) (2022-2028),PABITRA MARGHERITA,Assam,,Elected MP
RS_PAKA_VENKATA_SATYANARAYANA,Rajya Sabha,Shri Paka Venkata Satyanarayana (2025-28) (2025-2028),PAKA VENKATA SATYANARAYANA,Andhra Pradesh,,Elected MP
RS_PARTH_AJIT_PAWAR,Rajya Sabha,Shri Parth Ajit Pawar (2026-32) (2026-2032),PARTH AJIT PAWAR,Maharashtra,,Elected MP
RS_PAWAN_KHERA,Rajya Sabha,Shri Pawan Khera (2026-32) (2026-2032),PAWAN KHERA,Karnataka,,Elected MP
RS_PRADIP_KUMAR_VARMA,Rajya Sabha,Shri Pradip Kumar Varma (2024-30) (2024-2030),PRADIP KUMAR VARMA,Jharkhand,,Elected MP
RS_PRAFUL_PATEL,Rajya Sabha,Shri Praful Patel (2024-30) (2024-2030),PRAFUL PATEL,Maharashtra,,Elected MP
RS_PRAKASH_CHIK_BARAIK,Rajya Sabha,Shri Prakash Chik Baraik (2026-29) (2026-2029),PRAKASH CHIK BARAIK,West Bengal,,Elected MP
RS_PRAMOD_BORO,Rajya Sabha,Shri Pramod Boro (2026-32) (2026-2032),PRAMOD BORO,Assam,,Elected MP
RS_PRAMOD_TIWARI,Rajya Sabha,Shri Pramod Tiwari (2022-28) (2022-2028),PRAMOD TIWARI,Rajasthan,,Elected MP
RS_PRAVEEN_CHAKRAVARTHY,Rajya Sabha,Shri Praveen Chakravarthy (2026-28) (2026-2028),PRAVEEN CHAKRAVARTHY,Tamil Nadu,,Elected MP
RS_R_DHARMAR,Rajya Sabha,Shri R. Dharmar (2022-28) (2022-2028),R. DHARMAR,Tamil Nadu,,Elected MP
RS_R_GIRIRAJAN,Rajya Sabha,Shri R. Girirajan (2022-28) (2022-2028),R. GIRIRAJAN,Tamil Nadu,,Elected MP
RS_RAGHAV_CHADHA,Rajya Sabha,Shri Raghav Chadha (2022-28) (2022-2028),RAGHAV CHADHA,Punjab,,Elected MP
RS_RAJEEV_KUMAR,Rajya Sabha,Shri Rajeev Kumar (2026-32) (2026-2032),RAJEEV KUMAR,West Bengal,,Elected MP
RS_RAJEEV_SHUKLA,Rajya Sabha,Shri Rajeev Shukla (2022-28) (2022-2028),RAJEEV SHUKLA,Chhattisgarh,,Elected MP
RS_RAJESH_PARMANAND_SHUKLA,Rajya Sabha,Shri Rajesh Parmanand Shukla (2026-32) (2026-2032),RAJESH PARMANAND SHUKLA,Gujarat,,Elected MP
RS_RAJIB_BHATTACHARJEE,Rajya Sabha,Shri Rajib Bhattacharjee (2024-28) (2024-2028),RAJIB BHATTACHARJEE,Tripura,,Elected MP
RS_RAJINDER_GUPTA,Rajya Sabha,Shri Rajinder Gupta (2025-28) (2025-2028),RAJINDER GUPTA,Punjab,,Elected MP
RS_RAJNEESH_KUMAR_AGRAWAL,Rajya Sabha,Shri Rajneesh Kumar Agrawal (2026-32) (2026-2032),RAJNEESH KUMAR AGRAWAL,Madhya Pradesh,,Elected MP
RS_RAM_NATH_THAKUR,Rajya Sabha,Shri Ram Nath Thakur (2026-32) (2026-2032),RAM NATH THAKUR,Bihar,,Elected MP
RS_RAMDAS_BANDU_ATHAWALE,Rajya Sabha,Shri Ramdas Bandu Athawale (2026-32) (2026-2032),RAMDAS BANDU ATHAWALE,Maharashtra,,Elected MP
RS_RAMJI,Rajya Sabha,Shri Ramji (2020-26) (2020-2026),RAMJI,Uttar Pradesh,,Elected MP
RS_RAMJI_LAL_SUMAN,Rajya Sabha,Shri Ramji Lal Suman (2024-30) (2024-2030),RAMJI LAL SUMAN,Uttar Pradesh,,Elected MP
RS_RAMRAO_SAKHARAM_WADKUTE,Rajya Sabha,Shri Ramrao Sakharam Wadkute (2026-32) (2026-2032),RAMRAO SAKHARAM WADKUTE,Maharashtra,,Elected MP
RS_RANDEEP_SINGH_SURJEWALA,Rajya Sabha,Shri Randeep Singh Surjewala (2022-28) (2022-2028),RANDEEP SINGH SURJEWALA,Rajasthan,,Elected MP
RS_RATANJIT_PRATAP_NARAIN_SINGH,Rajya Sabha,Shri Ratanjit Pratap Narain Singh (2024-30) (2024-2030),RATANJIT PRATAP NARAIN SINGH,Uttar Pradesh,,Elected MP
RS_RAVI_CHANDRA_VADDIRAJU,Rajya Sabha,Shri Ravi Chandra Vaddiraju (2024-30) (2024-2030),RAVI CHANDRA VADDIRAJU,Telangana,,Elected MP
RS_RWNGWRA_NARZARY,Rajya Sabha,Shri Rwngwra Narzary (2022-28) (2022-2028),RWNGWRA NARZARY,Assam,,Elected MP
RS_RYAGA_KRISHNAIAH,Rajya Sabha,Shri Ryaga Krishnaiah (2024-28) (2024-2028),RYAGA KRISHNAIAH,Andhra Pradesh,,Elected MP
RS_S_NIRANJAN_REDDY,Rajya Sabha,Shri S Niranjan Reddy (2022-28) (2022-2028),S NIRANJAN REDDY,Andhra Pradesh,,Elected MP
RS_S_JAISHANKAR,Rajya Sabha,Shri S. Jaishankar (2023-29) (2023-2029),S. JAISHANKAR,Gujarat,,Elected MP
RS_S_KALYANASUNDARAM,Rajya Sabha,Shri S. Kalyanasundaram (2022-28) (2022-2028),S. KALYANASUNDARAM,Tamil Nadu,,Elected MP
RS_S_SELVAGANABATHY,Rajya Sabha,Shri S. Selvaganabathy (2021-27) (2021-2027),S. SELVAGANABATHY,Puducherry,,Elected MP
RS_S_R_SIVALINGAM,Rajya Sabha,Shri S.R. Sivalingam (2025-31) (2025-2031),S.R. SIVALINGAM,Tamil Nadu,,Elected MP
RS_SADANAND_MHALU_SHET_TANAVADE,Rajya Sabha,Shri Sadanand Mhalu Shet Tanavade (2023-29) (2023-2029),SADANAND MHALU SHET TANAVADE,Goa,,Elected MP
RS_SAJJAD_AHMAD_KICHLOO,Rajya Sabha,Shri Sajjad Ahmad Kichloo (2025-31) (2025-2031),SAJJAD AHMAD KICHLOO,Jammu And Kashmir,,Elected MP
RS_SAMIK_BHATTACHARYA,Rajya Sabha,Shri Samik Bhattacharya (2024-30) (2024-2030),SAMIK BHATTACHARYA,West Bengal,,Elected MP
RS_SAMIRUL_ISLAM,Rajya Sabha,Shri Samirul Islam (2023-29) (2023-2029),SAMIRUL ISLAM,West Bengal,,Elected MP
RS_SANA_SATHISH_BABU,Rajya Sabha,Shri Sana Sathish Babu (2026-32) (2026-2032),SANA SATHISH BABU,Andhra Pradesh,,Elected MP
RS_SANDOSH_KUMAR_P,Rajya Sabha,Shri Sandosh Kumar P (2022-28) (2022-2028),SANDOSH KUMAR P,Kerala,,Elected MP
RS_SANJAY_BHATIA,Rajya Sabha,Shri Sanjay Bhatia (2026-32) (2026-2032),SANJAY BHATIA,Haryana,,Elected MP
RS_SANJAY_KUMAR_JHA,Rajya Sabha,Shri Sanjay Kumar Jha (2024-30) (2024-2030),SANJAY KUMAR JHA,Bihar,,Elected MP
RS_SANJAY_RAUT,Rajya Sabha,Shri Sanjay Raut (2022-28) (2022-2028),SANJAY RAUT,Maharashtra,,Elected MP
RS_SANJAY_SETH,Rajya Sabha,Shri Sanjay Seth (2024-30) (2024-2030),SANJAY SETH,Uttar Pradesh,,Elected MP
RS_SANJAY_SINGH,Rajya Sabha,Shri Sanjay Singh (2024-30) (2024-2030),SANJAY SINGH,Delhi,,Elected MP
RS_SANJAY_YADAV,Rajya Sabha,Shri Sanjay Yadav (2024-30) (2024-2030),SANJAY YADAV,Bihar,,Elected MP
RS_SANT_BALBIR_SINGH,Rajya Sabha,Shri Sant Balbir Singh (2022-28) (2022-2028),SANT BALBIR SINGH,Punjab,,Elected MP
RS_SAT_PAUL_SHARMA,Rajya Sabha,Shri Sat Paul Sharma (2025-31) (2025-2031),SAT PAUL SHARMA,Jammu And Kashmir,,Elected MP
RS_SATISH_CHANDRA_DUBEY,Rajya Sabha,Shri Satish Chandra Dubey (2022-28) (2022-2028),SATISH CHANDRA DUBEY,Bihar,,Elected MP
RS_SATNAM_SINGH_SANDHU,Rajya Sabha,Shri Satnam Singh Sandhu (2024-30) (2024-2030),SATNAM SINGH SANDHU,Chandigarh,,Nominated MP
RS_SHAMBHU_SHARAN_PATEL,Rajya Sabha,Shri Shambhu Sharan Patel (2022-28) (2022-2028),SHAMBHU SHARAN PATEL,Bihar,,Elected MP
RS_SHIVESH_KUMAR,Rajya Sabha,Shri Shivesh Kumar (2026-32) (2026-2032),SHIVESH KUMAR,Bihar,,Elected MP
RS_SUBHASH_BARALA,Rajya Sabha,Shri Subhash Barala (2024-30) (2024-2030),SUBHASH BARALA,Haryana,,Elected MP
RS_SUBHASISH_KHUNTIA,Rajya Sabha,Shri Subhasish Khuntia (2024-30) (2024-2030),SUBHASISH KHUNTIA,Odisha,,Elected MP
RS_SUJEET_KUMAR,Rajya Sabha,Shri Sujeet Kumar (2026-32) (2026-2032),SUJEET KUMAR,Odisha,,Elected MP
RS_SURENDRA_SINGH_NAGAR,Rajya Sabha,Shri Surendra Singh Nagar (2022-28) (2022-2028),SURENDRA SINGH NAGAR,Uttar Pradesh,,Elected MP
RS_TAI_TAGAK,Rajya Sabha,Shri Tai Tagak (2026-32) (2026-2032),TAI TAGAK,Arunachal Pradesh,,Elected MP
RS_TARUN_CHUGH,Rajya Sabha,Shri Tarun Chugh (2026-32) (2026-2032),TARUN CHUGH,Madhya Pradesh,,Elected MP
RS_TEJVEER_SINGH,Rajya Sabha,Shri Tejveer Singh (2024-30) (2024-2030),TEJVEER SINGH,Uttar Pradesh,,Elected MP
RS_TERASH_GOWALLA,Rajya Sabha,Shri Terash Gowalla (2026-32) (2026-2032),TERASH GOWALLA,Assam,,Elected MP
RS_TIRUCHI_SIVA,Rajya Sabha,Shri Tiruchi Siva (2026-32) (2026-2032),TIRUCHI SIVA,Tamil Nadu,,Elected MP
RS_UJJWAL_DEORAO_NIKAM,Rajya Sabha,Shri Ujjwal Deorao Nikam (2025-31) (2025-2031),UJJWAL DEORAO NIKAM,Maharashtra,,Nominated MP
RS_UPENDRA_KUSHWAHA,Rajya Sabha,Shri Upendra Kushwaha (2026-32) (2026-2032),UPENDRA KUSHWAHA,Bihar,,Elected MP
RS_V_VIJAYENDRA_PRASAD,Rajya Sabha,Shri V. Vijayendra Prasad (2022-28) (2022-2028),V. VIJAYENDRA PRASAD,Andhra Pradesh,,Nominated MP
RS_VIJAY_CHINTAKAYALA,Rajya Sabha,Shri Vijay Chintakayala (2026-32) (2026-2032),VIJAY CHINTAKAYALA,Andhra Pradesh,,Elected MP
RS_VINOD_SHRIDHAR_TAWDE,Rajya Sabha,Shri Vinod Shridhar Tawde (2026-32) (2026-2032),VINOD SHRIDHAR TAWDE,Maharashtra,,Elected MP
RS_VIVEK_K_TANKHA,Rajya Sabha,Shri Vivek K. Tankha (2022-28) (2022-2028),VIVEK K. TANKHA,Madhya Pradesh,,Elected MP
RS_YERRAM_VENKATA_SUBBA_REDDY,Rajya Sabha,Shri Yerram Venkata Subba Reddy (2024-30) (2024-2030),YERRAM VENKATA SUBBA REDDY,Andhra Pradesh,,Elected MP
RS_ADHIKARIMAYUM_SHARDA_DEVI,Rajya Sabha,Smt. Adhikarimayum Sharda Devi (2026-32) (2026-2032),ADHIKARIMAYUM SHARDA DEVI,Manipur,,Elected MP
RS_DARSHANA_SINGH,Rajya Sabha,Smt. Darshana Singh (2022-28) (2022-2028),DARSHANA SINGH,Uttar Pradesh,,Elected MP
RS_GEETA_ALIAS_CHANDRAPRABHA,Rajya Sabha,Smt. Geeta alias Chandraprabha (2020-26) (2020-2026),GEETA ALIAS CHANDRAPRABHA,Uttar Pradesh,,Elected MP
RS_JAYA_AMITABH_BACHCHAN,Rajya Sabha,Smt. Jaya Amitabh Bachchan (2024-30) (2024-2030),JAYA AMITABH BACHCHAN,Uttar Pradesh,,Elected MP
RS_JEBI_MATHER_HISHAM,Rajya Sabha,Smt. Jebi Mather Hisham (2022-28) (2022-2028),JEBI MATHER HISHAM,Kerala,,Elected MP
RS_LAXMI_VERMA,Rajya Sabha,Smt. Laxmi Verma (2026-32) (2026-2032),LAXMI VERMA,Chhattisgarh,,Elected MP
RS_MAHUA_MAJI,Rajya Sabha,Smt. Mahua Maji (2022-28) (2022-2028),MAHUA MAJI,Jharkhand,,Elected MP
RS_MAMATA_THAKUR,Rajya Sabha,Smt. Mamata Thakur (2024-30) (2024-2030),MAMATA THAKUR,West Bengal,,Elected MP
RS_MAYA_CHINTAMAN_IVNATE,Rajya Sabha,Smt. Maya Chintaman Ivnate (2026-32) (2026-2032),MAYA CHINTAMAN IVNATE,Maharashtra,,Elected MP
RS_MAYA_NAROLIYA,Rajya Sabha,Smt. Maya Naroliya (2024-30) (2024-2030),MAYA NAROLIYA,Madhya Pradesh,,Elected MP
RS_NIRMALA_SITHARAMAN,Rajya Sabha,Smt. Nirmala Sitharaman (2022-28) (2022-2028),NIRMALA SITHARAMAN,Karnataka,,Elected MP
RS_P_T_USHA,Rajya Sabha,Smt. P. T. Usha (2022-28) (2022-2028),P. T. USHA,Kerala,,Nominated MP
RS_PHULO_DEVI_NETAM,Rajya Sabha,Smt. Phulo Devi Netam (2026-32) (2026-2032),PHULO DEVI NETAM,Chhattisgarh,,Elected MP
RS_RAJATHI,Rajya Sabha,Smt. Rajathi (2025-31) (2025-2031),RAJATHI,Tamil Nadu,,Elected MP
RS_RANJEET_RANJAN,Rajya Sabha,Smt. Ranjeet Ranjan (2022-28) (2022-2028),RANJEET RANJAN,Chhattisgarh,,Elected MP
RS_REKHA_SHARMA,Rajya Sabha,Smt. Rekha Sharma (2024-28) (2024-2028),REKHA SHARMA,Haryana,,Elected MP
RS_RENUKA_CHOWDHURY,Rajya Sabha,Smt. Renuka Chowdhury (2024-30) (2024-2030),RENUKA CHOWDHURY,Telangana,,Elected MP
RS_S_PHANGNON_KONYAK,Rajya Sabha,Smt. S. Phangnon Konyak (2022-28) (2022-2028),S. PHANGNON KONYAK,Nagaland,,Elected MP
RS_SADHNA_SINGH,Rajya Sabha,Smt. Sadhna Singh (2024-30) (2024-2030),SADHNA SINGH,Uttar Pradesh,,Elected MP
RS_SAGARIKA_GHOSE,Rajya Sabha,Smt. Sagarika Ghose (2024-30) (2024-2030),SAGARIKA GHOSE,West Bengal,,Elected MP
RS_SANGEETA_YADAV,Rajya Sabha,Smt. Sangeeta Yadav (2022-28) (2022-2028),SANGEETA YADAV,Uttar Pradesh,,Elected MP
RS_SEEMA_DWIVEDI,Rajya Sabha,Smt. Seema Dwivedi (2020-26) (2020-2026),SEEMA DWIVEDI,Uttar Pradesh,,Elected MP
RS_SONIA_GANDHI,Rajya Sabha,Smt. Sonia Gandhi (2024-30) (2024-2030),SONIA GANDHI,Rajasthan,,Elected MP
RS_SUDHA_MURTY,Rajya Sabha,Smt. Sudha Murty (2024-30) (2024-2030),SUDHA MURTY,Karnataka,,Nominated MP
RS_SULATA_DEO,Rajya Sabha,Smt. Sulata Deo (2022-28) (2022-2028),SULATA DEO,Odisha,,Elected MP
RS_SUMITRA_BALMIK,Rajya Sabha,Smt. Sumitra Balmik (2022-28) (2022-2028),SUMITRA BALMIK,Madhya Pradesh,,Elected MP
